id,qlat,qlon,qyr,qmon,qdy,qhr,qmn,qsc,ml,qdep,name
0,-42.866,171.621,2019,08,02,02,19,17,0.4881642869889758,9.7,20190802021917
1,-42.961,171.881,2019,07,23,10,11,57,1.9418552000310418,11.8,20190723101157
2,-42.723,171.729,2019,09,05,01,43,14,1.6544012319802268,9.0,20190905014314
3,-42.707,171.369,2019,10,17,11,36,33,1.3536468857593764,15.9,20191017113633
4,-42.876,171.611,2019,09,16,00,31,15,0.6265271948529841,10.3,20190916003115
5,-43.077,171.449,2020,02,24,16,18,32,0.9561722117355662,18.1,20200224161832
6,-42.898,171.721,2020,01,12,15,59,06,1.0376972390764765,11.0,20200112155906
7,-42.687,171.859,2019,12,13,21,27,23,0.9322885865772684,11.3,20191213212723
8,-42.75,171.708,2019,07,07,12,57,32,-0.0984502808337121,7.6,20190707125732
9,-42.766,171.634,2019,09,01,04,01,05,0.9217241357732635,11.7,20190901040105
10,-42.668,171.939,2019,08,06,17,42,13,0.6161784540954874,12.2,20190806174213
11,-42.766,171.499,2019,07,13,10,08,05,0.7620809770492529,6.0,20190713100805
12,-42.664,171.876,2019,05,15,10,06,43,0.7330252409176136,11.8,20190515100643
13,-42.682,171.882,2019,07,22,04,08,16,1.5949458516432031,7.6,20190722040816
14,-42.756,171.744,2019,10,19,02,48,53,-0.038580367689085404,7.2,20191019024853
15,-42.974,171.444,2019,05,02,22,23,21,0.9131365629809912,9.0,20190502222321
16,-42.811,171.668,2019,07,30,10,02,03,0.7180288581392558,8.1,20190730100203
17,-42.707,171.373,2019,09,25,11,29,09,3.4419760775518147,16.2,20190925112909
18,-42.911,171.677,2019,10,26,06,47,03,0.9850354564453883,12.5,20191026064703
19,-42.711,171.663,2019,06,01,22,58,09,0.6796335050238064,8.4,20190601225809
20,-42.653,171.93,2019,11,26,13,50,46,0.6844933243815734,12.1,20191126135046
21,-42.757,171.48,2019,06,10,18,24,45,-0.17467158674502958,6.3,20190610182445
22,-42.886,171.746,2019,08,05,06,58,43,0.8036387249959723,10.2,20190805065843
23,-42.683,171.879,2019,12,31,08,19,03,0.3818288162743877,11.4,20191231081903
24,-42.774,171.682,2019,07,29,18,24,21,0.819930584700691,10.1,20190729182421
25,-42.749,171.685,2019,10,27,13,42,01,0.6633061184642752,12.2,20191027134201
26,-42.936,171.932,2020,01,11,13,56,45,3.1907147459170107,13.9,20200111135645
27,-42.935,171.553,2019,05,09,11,39,13,0.5222972945890925,9.1,20190509113913
28,-42.643,171.794,2019,10,24,07,27,47,0.8978490783844055,7.1,20191024072747
29,-42.706,171.89,2019,11,12,06,27,42,1.2471287203544832,11.5,20191112062742
30,-42.79,171.695,2019,12,12,15,40,47,0.7725791289701616,9.9,20191212154047
31,-42.7,171.374,2019,09,24,11,52,34,0.5862569989871647,15.7,20190924115234
32,-42.893,171.791,2019,05,07,21,49,12,0.9148390188294702,19.8,20190507214912
33,-42.966,171.586,2019,09,15,02,34,31,1.6612233076191671,4.3,20190915023431
34,-42.773,171.772,2019,12,08,13,51,38,0.6248464572954824,9.8,20191208135138
35,-42.757,171.803,2019,09,03,14,37,50,0.7299915457460454,9.2,20190903143750
36,-42.878,171.717,2019,07,16,11,05,53,0.7080783816644661,9.9,20190716110553
37,-42.719,171.342,2019,10,21,17,20,57,0.5307683713842473,12.9,20191021172057
38,-42.75,171.469,2019,08,04,19,11,35,0.6926412246013803,7.0,20190804191135
39,-42.709,171.777,2019,06,14,16,02,24,0.16988940247816262,5.8,20190614160224
40,-42.771,171.484,2019,09,01,09,46,13,0.5286487379988499,7.3,20190901094613
41,-42.683,171.366,2019,09,23,02,19,32,1.271213433751939,15.4,20190923021932
42,-42.612,171.791,2019,12,06,06,28,53,0.8596152494990785,11.5,20191206062853
43,-42.757,171.714,2019,10,07,23,52,28,1.323775558279811,11.5,20191007235228
44,-42.655,171.883,2019,05,10,02,01,18,1.4427632469828753,10.7,20190510020118
45,-42.517,171.995,2019,12,26,19,13,16,2.0921492554179295,0.0,20191226191316
46,-42.829,171.676,2019,06,12,12,25,10,0.2363381552046771,7.2,20190612122510
47,-42.627,171.966,2019,08,07,15,38,21,0.7397429532655633,9.5,20190807153821
48,-42.646,171.36,2020,01,11,00,47,16,0.8565143769635274,13.4,20200111004716
49,-42.71,171.779,2019,08,20,14,03,47,0.22365960019385694,9.2,20190820140347
50,-42.756,171.748,2019,09,07,11,11,32,0.5454413053839001,8.9,20190907111132
51,-42.73,171.762,2020,03,03,17,19,26,1.3788645510937276,9.6,20200303171926
52,-42.766,171.483,2019,06,01,17,30,00,0.48641760606260015,7.1,20190601173000
53,-42.871,171.407,2019,06,22,23,45,18,0.34783086906049704,4.4,20190622234518
54,-42.799,171.419,2019,06,15,14,13,58,0.323664914834516,6.9,20190615141358
55,-42.955,171.453,2019,05,03,16,28,59,0.45294153923162805,11.0,20190503162859
56,-42.905,171.695,2019,12,09,08,49,02,0.7891897292868113,12.5,20191209084902
57,-42.936,171.426,2019,12,18,06,16,23,1.1200607640098383,10.2,20191218061623
58,-42.69,171.802,2019,12,23,19,08,02,1.4262186025769095,12.4,20191223190802
59,-42.703,171.693,2020,02,08,06,55,28,1.2141570298164095,9.6,20200208065528
60,-42.762,171.48,2019,06,10,15,34,33,-0.030078691467569932,6.8,20190610153433
61,-42.651,171.955,2019,12,11,03,27,04,1.3051451403871053,10.4,20191211032704
62,-42.786,171.678,2019,09,01,19,33,06,0.07936584690039061,5.6,20190901193306
63,-42.73,171.219,2019,06,15,17,17,37,0.9596490967713445,14.1,20190615171737
64,-42.873,171.629,2019,08,06,12,41,47,1.2977555867822912,7.7,20190806124147
65,-42.679,171.728,2019,09,10,17,41,44,0.666856257593226,11.0,20190910174144
66,-42.876,171.625,2019,08,12,16,28,52,0.9693458645598152,8.6,20190812162852
67,-42.747,171.711,2020,01,08,04,58,47,0.9657931555274791,6.1,20200108045847
68,-42.672,171.863,2019,05,22,06,17,42,0.5133792501298631,10.7,20190522061742
69,-42.675,171.891,2019,12,07,16,06,42,0.9791596709191183,10.7,20191207160642
70,-42.753,171.785,2020,01,13,16,02,11,0.41037716216038916,7.2,20200113160211
71,-42.768,171.676,2019,11,03,00,46,24,0.34709228464056285,7.8,20191103004624
72,-42.708,171.676,2019,09,26,05,14,24,0.4919081600548006,8.2,20190926051424
73,-42.718,171.757,2019,05,11,01,28,40,0.575453160047252,6.6,20190511012840
74,-42.827,171.639,2019,06,22,04,57,05,0.628663656248879,4.5,20190622045705
75,-42.783,171.659,2019,09,04,20,49,05,0.3880628296689916,10.5,20190904204905
76,-42.7,171.374,2019,09,25,16,30,35,0.41446252482501544,15.3,20190925163035
77,-42.734,171.76,2019,10,10,16,07,53,0.45788421097051474,14.7,20191010160753
78,-42.672,171.862,2019,09,08,13,42,19,1.4093855671027227,11.7,20190908134219
79,-42.785,171.691,2019,05,05,20,06,14,0.03863432612533514,5.5,20190505200614
80,-42.894,171.593,2019,06,22,02,27,38,0.2517394668178709,11.3,20190622022738
81,-42.883,171.758,2019,07,10,12,46,08,0.8142639727967533,12.5,20190710124608
82,-42.79,171.657,2019,09,13,16,32,25,0.7418597048861874,9.3,20190913163225
83,-42.776,171.751,2019,11,03,05,40,10,0.5822824816094292,8.3,20191103054010
84,-42.843,171.634,2019,11,28,04,11,33,0.38655670844949,11.2,20191128041133
85,-42.783,171.645,2019,08,19,01,10,45,0.23975048383249778,7.3,20190819011045
86,-42.838,171.809,2019,05,14,18,56,37,2.3372788791489802,10.6,20190514185637
87,-42.68,171.931,2019,07,15,04,44,14,0.5872833037939601,10.8,20190715044414
88,-42.752,171.463,2019,06,10,02,56,58,0.3452213617748565,8.3,20190610025658
89,-42.971,171.964,2019,06,01,18,37,37,1.2841329924791862,13.8,20190601183737
90,-42.652,171.842,2020,02,20,17,43,37,0.6586226305115017,13.4,20200220174337
91,-42.74,171.573,2019,05,18,16,31,08,0.07432292042451859,4.1,20190518163108
92,-42.619,171.88,2019,05,20,10,24,17,0.4441823371933457,12.0,20190520102417
93,-42.777,171.749,2019,05,08,16,25,05,0.21909574752579897,8.2,20190508162505
94,-42.741,171.546,2019,08,30,19,52,07,0.4390087607044402,6.5,20190830195207
95,-42.695,171.375,2019,09,24,14,46,52,1.3678435969320948,15.2,20190924144652
96,-42.68,171.856,2019,10,25,21,49,37,0.8774971089953459,9.7,20191025214937
97,-42.91,171.834,2019,05,24,01,19,14,1.2661007655753371,17.0,20190524011914
98,-42.852,171.488,2019,10,14,15,31,08,1.0155448402733513,9.1,20191014153108
99,-42.767,171.443,2019,07,21,14,36,29,0.21371355408512863,7.6,20190721143629
100,-42.52,171.924,2019,10,23,07,40,33,1.294458974036761,19.8,20191023074033
101,-42.733,171.315,2019,05,15,05,55,33,1.1693368919752163,8.9,20190515055533
102,-42.861,171.651,2019,10,19,13,58,03,0.3155319484330338,8.3,20191019135803
103,-42.864,171.619,2019,08,14,14,06,54,0.5174025893460447,10.6,20190814140654
104,-42.737,171.765,2019,08,11,18,54,28,0.7057411449429194,5.7,20190811185428
105,-42.857,171.623,2020,01,18,12,43,02,0.39913328418669064,8.4,20200118124302
106,-42.871,171.625,2019,07,31,15,56,15,0.4226845382913166,6.5,20190731155615
107,-42.706,171.684,2019,08,25,21,52,46,0.5321839195851098,10.5,20190825215246
108,-42.811,171.666,2019,08,18,22,51,57,0.5412397136656374,7.7,20190818225157
109,-42.587,171.682,2019,07,24,06,02,43,0.2717039720814007,4.2,20190724060243
110,-43.024,171.712,2019,10,30,21,24,58,0.8122343123732643,19.8,20191030212458
111,-42.762,171.489,2020,01,04,10,37,57,0.41434153590813555,7.7,20200104103757
112,-42.702,171.89,2020,02,15,17,49,25,0.8840660821946382,3.9,20200215174925
113,-42.688,171.897,2019,06,14,21,21,06,1.0614571504421966,11.1,20190614212106
114,-42.664,171.889,2019,06,27,06,43,42,0.5550783614412453,12.5,20190627064342
115,-43.052,171.404,2019,07,26,07,54,53,1.3146202522199137,9.7,20190726075453
116,-42.79,171.876,2019,11,29,19,29,25,1.1018517153650642,8.8,20191129192925
117,-42.73,171.774,2019,12,15,17,50,44,0.10934999951550459,7.6,20191215175044
118,-42.963,171.764,2019,09,27,07,38,40,1.142041928373542,15.6,20190927073840
119,-42.944,171.625,2020,02,08,05,43,15,1.2005939213872736,5.4,20200208054315
120,-42.846,171.527,2019,06,29,04,47,21,0.5529916720523242,12.8,20190629044721
121,-42.741,171.732,2019,11,20,16,09,03,1.3967841119938007,7.3,20191120160903
122,-42.913,171.832,2019,05,20,07,13,24,2.264645456074373,14.3,20190520071324
123,-42.755,171.79,2019,09,03,14,57,42,1.072782986891484,10.9,20190903145742
124,-42.752,171.55,2019,05,10,20,20,55,0.2745260265678689,8.0,20190510202055
125,-42.787,171.6,2020,02,04,08,02,24,1.8530667591144057,10.1,20200204080224
126,-42.758,171.793,2019,09,03,14,34,48,1.6549025499731913,11.4,20190903143448
127,-42.79,171.663,2020,02,05,20,28,47,0.8477375672115649,7.5,20200205202847
128,-42.748,171.669,2019,07,02,08,39,25,0.5106622684804729,11.4,20190702083925
129,-42.682,171.665,2019,09,11,18,00,54,0.27007198906940655,11.7,20190911180054
130,-42.627,171.825,2019,05,06,12,32,27,0.5488272510211767,10.7,20190506123227
131,-42.702,171.368,2019,10,17,16,32,26,1.6128784188384118,15.9,20191017163226
132,-42.756,171.756,2019,11,01,12,00,33,0.6544233121153634,10.2,20191101120033
133,-42.794,171.641,2019,10,14,13,29,24,0.4862634752465893,9.3,20191014132924
134,-42.922,171.454,2019,07,28,23,39,16,0.9315092284504941,6.7,20190728233916
135,-42.887,171.792,2019,12,08,15,32,16,1.1387700642155836,12.8,20191208153216
136,-42.731,171.803,2020,01,23,13,40,13,0.6953918634864917,11.7,20200123134013
137,-42.624,171.832,2019,07,07,09,48,08,0.6627158329897386,12.0,20190707094808
138,-42.629,171.726,2019,09,05,18,14,05,1.321428148895849,6.5,20190905181405
139,-42.824,171.449,2019,07,12,13,56,25,0.9558724143764559,10.0,20190712135625
140,-42.74,171.378,2019,05,10,11,44,29,0.7717918145750727,11.8,20190510114429
141,-42.697,171.371,2019,09,24,10,05,24,1.100884570598128,15.4,20190924100524
142,-42.773,171.665,2019,08,01,07,13,31,1.7013576421403918,9.2,20190801071331
143,-42.639,171.425,2019,08,22,09,39,04,0.5837743522571764,11.9,20190822093904
144,-42.927,171.92,2020,01,25,08,07,53,1.5246291218747148,14.6,20200125080753
145,-42.506,171.6,2019,12,12,22,35,55,2.1061464688967306,15.3,20191212223555
146,-42.827,171.45,2019,05,27,14,19,51,0.42130344779341383,4.4,20190527141951
147,-42.877,171.669,2019,06,08,13,17,17,0.4271905825849627,10.7,20190608131717
148,-42.702,171.558,2019,05,19,04,50,50,0.5280424843203335,1.1,20190519045050
149,-42.66,171.89,2019,07,02,11,20,57,0.42790035913587043,12.3,20190702112057
150,-42.713,171.836,2019,06,28,09,46,53,0.3026261428908935,9.8,20190628094653
151,-42.974,171.492,2019,05,10,09,43,51,0.9458032520423741,8.5,20190510094351
152,-42.875,171.635,2019,10,16,07,42,40,0.3548269102656165,9.0,20191016074240
153,-42.764,171.772,2019,10,26,05,15,37,0.737167534046061,8.9,20191026051537
154,-42.754,171.678,2019,11,28,13,21,25,0.6103142085506449,8.7,20191128132125
155,-42.785,171.671,2019,08,30,02,39,48,0.5405800778739278,5.9,20190830023948
156,-42.697,171.37,2019,09,24,14,54,50,1.1438298295415543,15.6,20190924145450
157,-42.665,171.909,2019,07,01,16,41,25,0.6844352720854716,12.1,20190701164125
158,-42.833,171.441,2019,12,18,18,31,42,0.9301457272249529,8.1,20191218183142
159,-42.618,171.985,2020,01,31,11,46,36,0.6501640152041336,9.2,20200131114636
160,-42.782,171.433,2020,01,04,04,26,35,1.2303763382409063,5.5,20200104042635
161,-42.883,171.772,2019,12,31,07,54,34,0.9201685736355685,17.3,20191231075434
162,-42.763,171.5,2020,01,13,13,57,02,0.4210610114632115,2.9,20200113135702
163,-42.655,171.874,2020,01,31,18,06,53,0.9350474146974088,10.0,20200131180653
164,-42.762,171.768,2019,07,02,10,47,43,1.2083992891408804,7.6,20190702104743
165,-42.637,171.56,2019,08,22,03,57,39,0.40289382256410855,2.7,20190822035739
166,-42.689,171.709,2019,06,22,22,29,41,-0.1495645098121683,8.6,20190622222941
167,-42.705,171.374,2019,09,27,12,17,17,4.113872299416065,15.2,20190927121717
168,-42.688,171.736,2019,07,01,06,47,23,0.05291413177037793,10.6,20190701064723
169,-42.762,171.781,2019,07,19,04,42,35,0.8365490523664502,9.9,20190719044235
170,-42.591,171.856,2019,05,03,18,50,48,0.8481692129552447,7.5,20190503185048
171,-42.725,171.757,2019,05,25,03,05,35,0.37553439194721006,8.2,20190525030535
172,-42.877,171.698,2019,06,20,01,53,39,1.8014537546880682,10.8,20190620015339
173,-42.77,171.677,2019,05,05,15,07,11,0.32410674588815347,7.9,20190505150711
174,-42.735,171.771,2019,06,28,02,39,16,0.09032914490424797,11.9,20190628023916
175,-42.76,171.482,2019,08,15,15,46,59,0.07342744703746262,6.9,20190815154659
176,-42.787,171.656,2019,08,21,08,49,55,0.1662231871378546,10.5,20190821084955
177,-42.688,171.362,2019,09,24,11,44,56,1.0911191108274816,15.9,20190924114456
178,-42.71,171.683,2019,09,26,09,34,47,0.17750647874043143,8.6,20190926093447
179,-42.974,171.767,2020,03,05,17,01,36,1.0087121766751754,20.3,20200305170136
180,-42.913,171.839,2019,06,03,09,44,33,1.1086676430348665,12.5,20190603094433
181,-42.756,171.799,2019,08,12,20,15,22,0.7568157115163129,11.2,20190812201522
182,-42.555,171.98,2020,01,28,06,30,01,0.7274634975107904,14.1,20200128063001
183,-42.714,171.546,2019,06,09,21,40,01,0.3837784074752816,3.6,20190609214001
184,-42.765,171.434,2019,07,22,14,29,41,0.6022563950131811,7.1,20190722142941
185,-43.002,171.775,2019,06,01,03,18,57,0.9849904768823005,13.6,20190601031857
186,-42.757,171.722,2020,01,21,21,03,27,0.5311950426217957,11.2,20200121210327
187,-42.792,171.606,2019,05,07,13,47,48,0.45297875184570874,8.7,20190507134748
188,-42.727,171.766,2019,06,22,22,46,20,0.43814421082788246,8.2,20190622224620
189,-42.677,171.151,2020,02,03,04,45,29,1.9725850009727495,20.1,20200203044529
190,-42.678,171.859,2019,11,07,18,53,06,1.2699096890965507,10.1,20191107185306
191,-42.777,171.909,2020,03,04,10,42,49,1.0391543034679105,12.7,20200304104249
192,-42.528,172.001,2020,01,30,10,38,26,1.089101079504558,0.0,20200130103826
193,-42.75,171.668,2019,06,07,08,13,46,0.24021600367398702,11.6,20190607081346
194,-42.915,171.346,2019,06,25,17,56,04,0.6819987491957563,4.7,20190625175604
195,-42.599,171.921,2020,02,15,10,38,05,1.362285456087455,11.3,20200215103805
196,-42.825,171.83,2019,06,22,05,21,59,0.8816183444201567,10.0,20190622052159
197,-42.874,171.638,2019,10,25,16,00,52,1.5782883773051115,8.6,20191025160052
198,-42.73,171.724,2020,01,31,13,08,57,0.31503319370017824,8.9,20200131130857
199,-42.653,171.791,2019,08,01,06,43,31,0.4841858388189811,10.6,20190801064331
200,-42.58,171.955,2019,06,07,17,20,19,1.4429875513268702,9.8,20190607172019
201,-42.924,171.83,2019,10,08,08,15,18,1.7824542706048159,13.2,20191008081518
202,-42.784,171.656,2020,02,05,07,25,18,0.9262818655180831,8.2,20200205072518
203,-42.738,171.719,2019,06,01,20,42,04,1.348596495862658,9.8,20190601204204
204,-42.747,171.77,2019,06,08,21,04,44,0.39389494130463126,8.9,20190608210444
205,-42.631,171.944,2019,11,23,00,15,56,2.7180610565801957,14.6,20191123001556
206,-42.955,171.518,2019,08,12,15,33,36,0.4298667728123492,9.8,20190812153336
207,-42.877,171.718,2020,01,09,08,56,11,0.6843220925241728,10.7,20200109085611
208,-42.706,171.664,2019,05,20,10,07,32,0.31465150073827375,9.5,20190520100732
209,-42.988,171.495,2019,11,29,06,19,37,1.3520715242535595,3.7,20191129061937
210,-42.7,171.695,2019,06,03,09,50,12,-0.1119761899143823,10.0,20190603095012
211,-42.732,171.789,2019,11,01,05,28,54,0.7184585657554619,8.3,20191101052854
212,-42.765,171.753,2020,01,27,07,04,05,0.3714852556554277,9.3,20200127070405
213,-42.759,171.479,2019,06,10,02,54,19,0.6460557537270958,7.0,20190610025419
214,-42.818,171.673,2020,03,05,17,00,27,0.9733174167777877,7.9,20200305170027
215,-42.69,171.846,2020,02,17,15,34,01,1.5479822433023442,8.3,20200217153401
216,-42.714,171.753,2019,11,20,10,50,16,1.1682342214044328,9.7,20191120105016
217,-42.668,171.945,2019,08,25,15,54,42,0.6221686843629786,12.8,20190825155442
218,-42.914,171.839,2019,10,02,11,46,51,0.962229916155105,14.1,20191002114651
219,-42.754,171.788,2019,05,24,08,43,20,0.8574834195247268,8.6,20190524084320
220,-42.767,171.753,2019,07,21,09,07,17,0.4315608349069867,9.3,20190721090717
221,-42.65,171.201,2019,10,14,15,04,49,1.1068626242590685,26.1,20191014150449
222,-42.714,171.577,2019,06,03,02,05,51,0.040940657722678006,9.4,20190603020551
223,-42.624,171.795,2019,06,14,11,31,08,0.04043179375261297,8.3,20190614113108
224,-42.689,171.903,2019,07,21,00,52,53,1.259132480177568,10.1,20190721005253
225,-42.667,171.752,2019,09,05,13,07,54,1.3083514140947183,9.2,20190905130754
226,-42.786,171.7,2019,08,19,08,55,57,0.27398875657369687,10.1,20190819085557
227,-42.757,171.505,2020,01,20,09,35,50,0.30758918618592107,4.8,20200120093550
228,-42.696,171.657,2019,05,12,00,20,26,0.2373854286580496,5.2,20190512002026
229,-42.643,171.526,2019,06,05,21,13,59,0.5790314912078286,1.3,20190605211359
230,-42.986,171.36,2020,02,20,11,33,16,0.9715230593588652,12.9,20200220113316
231,-42.879,171.627,2019,08,03,05,21,48,0.7738446800107155,6.3,20190803052148
232,-42.766,171.631,2019,10,26,20,09,09,0.46058158260257054,8.9,20191026200909
233,-42.863,171.626,2019,08,14,05,37,50,2.617799090037088,4.7,20190814053750
234,-42.894,171.819,2020,02,16,02,49,46,1.2560014049856338,15.6,20200216024946
235,-42.729,171.338,2020,03,02,13,48,15,0.7173652149364955,10.6,20200302134815
236,-42.659,171.919,2019,07,17,07,55,04,0.6027358316059565,4.3,20190717075504
237,-42.703,171.369,2019,09,24,10,54,49,1.5259904910555744,15.9,20190924105449
238,-42.763,171.34,2019,11,09,18,17,56,1.8130523024821137,12.8,20191109181756
239,-42.933,171.568,2019,12,12,01,52,26,1.826318117765437,8.7,20191212015226
240,-42.678,171.855,2019,05,12,13,14,25,0.7384010195791454,11.5,20190512131425
241,-42.699,171.695,2019,07,05,03,35,34,1.0712304299264692,14.1,20190705033534
242,-42.728,171.65,2019,06,15,22,16,32,0.4769514942324872,10.4,20190615221632
243,-42.972,171.511,2019,06,01,22,58,46,1.1390270308878336,5.8,20190601225846
244,-42.777,171.729,2019,08,08,22,18,26,1.7404493290929957,10.9,20190808221826
245,-42.695,171.68,2020,02,08,06,20,22,0.6743214282494122,9.3,20200208062022
246,-42.61,171.958,2019,12,13,21,28,36,0.5965394912159728,14.4,20191213212836
247,-42.748,171.718,2020,03,06,03,19,21,0.6208409297561786,12.6,20200306031921
248,-42.762,171.763,2019,07,04,10,32,36,1.0997231137618197,8.4,20190704103236
249,-42.691,171.699,2020,01,10,16,42,11,0.8313689268447012,10.1,20200110164211
250,-42.757,171.751,2019,07,02,10,47,11,1.7903340735958528,8.3,20190702104711
251,-42.856,171.609,2019,09,18,19,43,13,0.9006912167896423,7.5,20190918194313
252,-42.648,171.942,2019,08,07,21,05,27,0.4487499138047096,12.4,20190807210527
253,-42.697,171.808,2020,01,20,13,08,51,0.3836051099241728,12.1,20200120130851
254,-42.755,171.787,2020,01,22,13,29,43,1.524870029885389,9.9,20200122132943
255,-42.593,171.611,2019,06,18,13,15,17,0.37966922949888904,19.9,20190618131517
256,-42.775,171.741,2020,01,25,15,03,38,0.7141889384221038,6.1,20200125150338
257,-42.968,171.558,2019,05,13,19,15,10,1.0462431061865556,12.8,20190513191510
258,-42.756,171.481,2019,06,03,22,34,05,1.468466806531474,6.8,20190603223405
259,-43.047,171.429,2019,06,09,01,26,14,1.2937097499755426,10.4,20190609012614
260,-42.681,171.853,2019,09,18,02,53,45,1.2572718415006943,11.1,20190918025345
261,-42.65,171.933,2019,06,09,20,14,31,1.7123427432161333,14.6,20190609201431
262,-42.763,171.485,2019,06,12,08,35,46,0.034059242641181195,8.2,20190612083546
263,-42.905,171.675,2019,10,15,23,34,31,0.5644092106511981,11.8,20191015233431
264,-42.671,171.407,2019,06,04,16,38,13,0.6434517810225014,5.4,20190604163813
265,-42.75,171.664,2019,06,09,04,32,19,0.44610186965260007,11.3,20190609043219
266,-42.87,171.625,2019,08,02,04,37,45,0.6196278650533049,12.5,20190802043745
267,-42.602,171.924,2019,09,21,01,08,59,0.5049841158695354,3.4,20190921010859
268,-42.747,171.794,2020,01,22,13,37,19,0.6865635982988071,10.2,20200122133719
269,-42.605,171.89,2019,05,19,15,20,15,0.7998715242155603,9.9,20190519152015
270,-42.965,171.486,2019,05,21,08,49,16,1.4705099111246034,10.5,20190521084916
271,-42.798,171.42,2019,05,26,17,11,25,0.5757522634484636,9.2,20190526171125
272,-42.838,171.834,2019,11,15,05,22,42,0.7377878932279807,10.9,20191115052242
273,-42.689,171.378,2019,09,25,10,51,42,0.6978509761783995,15.6,20190925105142
274,-42.805,171.654,2019,08,05,21,35,40,2.2804887519515,7.8,20190805213540
275,-42.71,171.668,2019,06,18,04,41,31,0.4322349664451823,8.7,20190618044131
276,-42.713,171.848,2019,05,29,01,05,50,0.6395367492019092,6.7,20190529010550
277,-42.752,171.775,2019,10,19,07,14,51,0.4808245221628729,9.9,20191019071451
278,-42.921,171.704,2019,05,05,06,53,24,1.2333918658334972,12.2,20190505065324
279,-42.648,171.834,2019,12,14,22,23,00,0.2180777254710624,3.9,20191214222300
280,-42.725,171.717,2020,01,02,07,50,39,0.6047476234732927,9.3,20200102075039
281,-42.781,171.434,2020,01,04,04,26,35,1.126077088142289,6.1,20200104042635
282,-42.936,171.922,2020,01,15,18,32,14,1.9360032039161394,14.7,20200115183214
283,-42.758,171.963,2020,01,20,02,30,55,0.6350963446551425,13.3,20200120023055
284,-42.872,171.639,2020,03,06,16,19,06,0.8747989440745484,7.6,20200306161906
285,-42.662,171.879,2019,09,10,04,22,33,0.4456657167725206,11.5,20190910042233
286,-42.917,171.836,2019,05,20,07,29,06,0.7708915988896228,11.6,20190520072906
287,-42.79,171.951,2019,10,05,20,06,22,0.5569938818715455,10.2,20191005200622
288,-42.704,171.99,2019,06,10,14,53,03,0.7084628471425144,12.2,20190610145303
289,-42.629,171.953,2019,09,18,21,12,47,1.3062524834291447,13.1,20190918211247
290,-42.753,171.747,2020,01,30,06,44,50,0.9138079791363592,9.7,20200130064450
291,-42.705,171.761,2019,06,15,05,05,30,0.2914458922480064,7.1,20190615050530
292,-42.817,171.668,2019,07,19,12,23,47,0.1083722918727445,7.9,20190719122347
293,-42.759,171.481,2019,06,10,14,49,49,0.3018278135767537,7.0,20190610144949
294,-42.756,171.717,2020,01,10,18,26,34,0.3017809294285407,11.8,20200110182634
295,-42.761,171.488,2019,06,03,19,13,23,0.9100754462858168,6.9,20190603191323
296,-42.874,171.628,2019,08,02,14,45,24,0.32216525722297085,7.1,20190802144524
297,-42.716,171.77,2019,08,10,15,49,48,0.2631257486447498,9.8,20190810154948
298,-42.712,171.671,2019,09,28,14,50,01,1.4399877306588924,7.3,20190928145001
299,-42.623,171.831,2019,07,09,19,33,00,0.8329567512301507,12.0,20190709193300
300,-42.742,171.774,2019,07,03,16,48,13,0.21466556230477704,10.0,20190703164813
301,-42.755,171.804,2019,08,07,14,51,05,0.5963178297697702,10.3,20190807145105
302,-42.727,171.711,2019,09,07,07,05,16,0.24471494352540865,9.5,20190907070516
303,-42.829,171.824,2020,01,19,09,52,07,0.6940072645484214,9.8,20200119095207
304,-43.008,171.4,2020,02,09,04,55,29,1.44600757228302,7.2,20200209045529
305,-42.64,171.872,2019,08,03,01,30,04,0.9677165045728038,10.6,20190803013004
306,-42.761,171.706,2019,07,21,01,33,02,0.3537254395995429,12.3,20190721013302
307,-42.741,171.681,2019,10,12,07,34,17,0.21220558753407462,10.8,20191012073417
308,-42.75,171.683,2019,06,29,07,26,46,0.011498387893537281,8.7,20190629072646
309,-42.731,171.722,2019,06,02,03,26,46,0.39475556369129866,12.3,20190602032646
310,-42.875,171.63,2019,08,01,02,52,48,0.9306748495652696,8.4,20190801025248
311,-42.782,171.651,2019,07,22,14,35,04,1.1624766588535214,9.5,20190722143504
312,-42.743,171.732,2019,10,10,14,51,27,1.6714302203047686,6.3,20191010145127
313,-42.953,171.412,2019,11,18,06,34,21,1.2869729975081197,10.4,20191118063421
314,-42.722,171.824,2019,12,28,09,55,31,1.842450788801257,9.9,20191228095531
315,-42.927,171.405,2019,07,05,19,30,44,0.44465742780714335,10.0,20190705193044
316,-42.864,171.708,2019,06,04,09,47,08,0.6072878827908897,12.2,20190604094708
317,-42.709,171.89,2019,07,11,04,10,22,0.4704984766126124,9.4,20190711041022
318,-42.761,171.783,2019,05,06,05,04,20,0.31170956271830963,7.3,20190506050420
319,-42.738,171.785,2019,08,26,00,36,44,0.30347103688348864,6.9,20190826003644
320,-42.757,171.749,2019,05,11,01,11,57,1.5870861771319753,7.8,20190511011157
321,-42.75,171.462,2019,06,08,22,10,46,0.29666752065433893,6.6,20190608221046
322,-42.663,171.883,2020,03,03,18,47,47,0.6511250719232009,11.1,20200303184747
323,-42.671,171.906,2019,07,02,10,12,16,0.6092540505174798,11.7,20190702101216
324,-42.77,171.771,2019,12,29,05,30,49,0.925694034825556,8.5,20191229053049
325,-42.89,171.754,2019,11,30,10,24,16,0.43901761725893756,11.5,20191130102416
326,-42.877,171.633,2019,12,20,00,58,22,0.5706600697418593,7.8,20191220005822
327,-42.561,171.921,2019,09,18,18,10,38,1.7564966181752186,17.8,20190918181038
328,-42.664,171.401,2019,06,04,16,34,31,0.7535009964062285,3.9,20190604163431
329,-42.625,171.841,2019,07,13,21,26,12,1.1439235841130841,11.4,20190713212612
330,-42.888,171.631,2019,08,01,08,13,38,0.1323069126444992,10.2,20190801081338
331,-42.994,171.662,2019,08,07,09,13,12,0.7901077261655344,18.5,20190807091312
332,-42.771,171.681,2020,01,24,12,26,56,0.23363047944401355,7.2,20200124122656
333,-42.643,171.957,2019,08,07,20,57,00,0.7394426426434999,11.7,20190807205700
334,-42.838,171.712,2019,05,18,07,02,23,0.4998986002012039,8.2,20190518070223
335,-42.967,171.433,2019,06,04,00,46,48,1.7898069622382746,8.7,20190604004648
336,-42.958,171.766,2019,07,08,01,30,40,1.017464019234905,18.7,20190708013040
337,-42.723,171.773,2019,07,10,04,01,15,0.5927855170745775,8.8,20190710040115
338,-42.693,171.821,2019,11,05,17,00,23,0.9604069309503388,8.8,20191105170023
339,-43.009,171.769,2020,01,10,15,58,01,1.3959294297833826,10.7,20200110155801
340,-42.772,171.479,2019,08,03,13,01,12,0.8011938176565557,6.1,20190803130112
341,-42.953,171.712,2019,06,19,04,28,19,1.124635685648163,17.4,20190619042819
342,-42.76,171.75,2019,05,20,10,45,53,0.724332966830046,8.0,20190520104553
343,-42.749,171.737,2020,02,09,05,26,11,0.23794418036875556,9.7,20200209052611
344,-42.727,171.765,2019,06,06,01,19,34,0.4978977586527138,9.3,20190606011934
345,-42.705,171.37,2019,09,23,09,21,05,1.4860228742958401,15.9,20190923092105
346,-42.812,171.61,2020,02,24,12,18,26,0.7274642923713283,7.4,20200224121826
347,-42.692,171.837,2019,09,10,05,12,01,0.09648296640022354,7.3,20190910051201
348,-42.653,171.81,2019,09,08,06,24,58,0.5050505435573814,9.9,20190908062458
349,-42.884,171.921,2019,12,14,14,28,27,0.6302116890005197,12.7,20191214142827
350,-42.69,171.773,2020,01,18,04,13,40,1.1240012677002449,11.6,20200118041340
351,-42.688,171.373,2019,09,23,02,40,33,2.1643855769568767,15.5,20190923024033
352,-42.703,171.381,2019,09,24,15,42,35,2.4023398683768127,15.5,20190924154235
353,-42.894,171.761,2019,11,23,22,34,10,1.1158793082697975,12.1,20191123223410
354,-42.789,171.707,2019,12,10,16,27,24,0.1372134990836311,9.0,20191210162724
355,-42.756,171.713,2019,12,25,14,29,03,0.723280221635631,8.7,20191225142903
356,-42.785,171.491,2019,05,02,04,18,51,0.8344548616761115,8.0,20190502041851
357,-42.824,171.639,2019,06,22,00,33,55,1.195241406032579,4.6,20190622003355
358,-42.977,171.43,2019,12,19,11,47,52,1.8796697104516993,12.1,20191219114752
359,-42.693,171.372,2019,09,23,05,11,20,1.1182037886767673,15.7,20190923051120
360,-42.765,171.753,2020,01,27,10,06,05,0.415510357411106,9.0,20200127100605
361,-42.735,171.69,2019,10,29,09,03,52,0.7504750640346469,7.8,20191029090352
362,-42.755,171.43,2020,03,03,02,09,46,1.0610506230741752,3.9,20200303020946
363,-42.622,171.865,2019,07,07,02,56,16,1.2674428587324251,11.4,20190707025616
364,-42.772,171.482,2019,09,01,16,32,37,0.40358253773695524,6.8,20190901163237
365,-42.871,171.618,2019,06,01,00,05,43,0.7091718416270706,11.0,20190601000543
366,-42.745,171.78,2019,12,29,00,06,03,0.9825133881918783,8.2,20191229000603
367,-42.739,171.784,2019,07,10,09,33,53,0.12948390065499754,4.7,20190710093353
368,-42.715,171.763,2019,07,31,22,38,07,0.2813433462817596,10.7,20190731223807
369,-42.865,171.616,2019,08,07,12,02,33,0.5387916786683716,9.6,20190807120233
370,-42.703,171.687,2019,05,16,19,44,29,0.7404022933122091,10.1,20190516194429
371,-42.71,171.82,2019,08,12,01,14,30,0.7571263187154879,4.7,20190812011430
372,-42.77,171.676,2020,02,14,23,16,28,1.2268080121595182,8.0,20200214231628
373,-42.883,171.638,2019,12,26,07,03,13,0.6507697299712076,9.8,20191226070313
374,-42.964,171.496,2019,08,12,22,55,10,0.7763909376505002,8.7,20190812225510
375,-42.81,171.668,2019,07,17,02,04,00,0.8023860472739555,8.1,20190717020400
376,-42.879,171.633,2019,10,30,00,44,40,1.1582457924569955,10.6,20191030004440
377,-42.705,171.367,2019,09,24,10,19,23,0.8495114820846943,15.5,20190924101923
378,-42.873,171.629,2019,12,16,15,01,12,0.8106290636201612,7.1,20191216150112
379,-42.698,171.75,2020,02,22,22,10,41,0.7372976231379638,5.2,20200222221041
380,-42.736,171.773,2019,09,06,09,33,06,0.25552354433329305,8.5,20190906093306
381,-42.946,171.414,2019,12,07,13,35,44,2.4515139310576237,6.0,20191207133544
382,-42.703,171.373,2019,09,24,20,43,45,2.5336068235006084,16.0,20190924204345
383,-42.875,171.629,2019,08,06,08,02,26,0.3860929439933844,9.8,20190806080226
384,-42.74,171.715,2019,12,20,22,33,18,0.44526510805058034,7.4,20191220223318
385,-42.822,171.655,2019,06,22,03,27,58,0.20647830184490965,6.7,20190622032758
386,-42.754,171.736,2019,12,05,21,01,22,2.171318879150768,9.2,20191205210122
387,-42.916,171.591,2020,01,01,15,41,22,0.5094498335864298,8.8,20200101154122
388,-42.725,171.779,2019,08,19,08,41,11,0.23284938408925382,8.6,20190819084111
389,-42.792,171.677,2019,08,31,17,06,05,0.1155269440991686,6.7,20190831170605
390,-42.881,171.64,2020,01,26,10,26,13,0.7421012704136646,10.4,20200126102613
391,-42.707,171.716,2019,08,18,11,39,56,0.111548342300003,10.3,20190818113956
392,-42.75,171.813,2019,05,12,05,52,04,0.6224844865808398,10.0,20190512055204
393,-42.743,171.716,2019,06,09,04,33,08,0.3365210851128467,11.0,20190609043308
394,-42.578,171.915,2019,08,27,20,53,55,1.3394431175544639,13.5,20190827205355
395,-42.889,171.516,2019,08,09,10,57,12,1.188662742890941,9.3,20190809105712
396,-42.734,171.675,2019,06,30,22,44,24,0.4205426811704565,7.3,20190630224424
397,-42.649,171.873,2019,06,12,18,59,08,1.5253076060767876,11.6,20190612185908
398,-42.874,171.782,2019,07,22,04,06,07,0.8601339404580277,12.6,20190722040607
399,-42.855,171.611,2019,07,23,07,35,34,0.3731891317924744,9.1,20190723073534
400,-42.671,171.852,2019,07,24,10,05,50,0.4193874136657942,11.9,20190724100550
401,-42.779,171.739,2019,07,18,15,39,05,1.4105665554849667,9.7,20190718153905
402,-42.762,171.67,2020,02,09,02,45,04,0.5425874238903605,7.8,20200209024504
403,-42.791,171.617,2019,11,02,09,03,19,0.06819871236184608,11.7,20191102090319
404,-42.929,171.431,2019,06,15,01,04,19,1.1129017630594278,3.9,20190615010419
405,-42.719,171.763,2019,08,10,22,03,34,0.38638143124421226,9.4,20190810220334
406,-42.914,171.733,2020,02,11,07,53,43,0.915370463830863,9.3,20200211075343
407,-42.884,171.796,2019,05,25,21,28,41,2.332182410864983,12.4,20190525212841
408,-42.894,171.381,2019,05,01,06,36,43,1.041520733355989,5.8,20190501063643
409,-42.724,171.782,2019,09,14,14,56,02,0.2662530824840485,8.6,20190914145602
410,-42.703,171.763,2019,08,04,18,42,39,0.3121875855901114,12.6,20190804184239
411,-42.784,171.715,2019,08,10,04,32,57,0.3787112683264443,9.6,20190810043257
412,-42.713,171.79,2019,09,10,03,07,01,0.9218198409926381,10.6,20190910030701
413,-42.888,171.678,2019,10,12,16,13,27,0.7582908083981935,9.9,20191012161327
414,-42.703,171.373,2019,10,17,10,49,24,3.7935591124459505,15.0,20191017104924
415,-42.76,171.742,2019,07,09,16,09,05,1.624973351169198,9.7,20190709160905
416,-42.703,171.791,2019,12,06,09,41,02,0.04938187972218316,6.0,20191206094102
417,-42.684,171.739,2019,05,07,18,26,42,0.36719852168598116,14.1,20190507182642
418,-43.047,171.491,2019,05,19,19,41,25,1.3199072652276518,8.6,20190519194125
419,-42.806,171.942,2019,12,05,20,09,26,0.9179762171112361,15.0,20191205200926
420,-42.701,171.374,2019,09,29,14,07,40,2.585480923355732,15.9,20190929140740
421,-42.974,171.753,2020,01,26,10,48,34,0.5912228149362965,14.5,20200126104834
422,-42.704,171.373,2019,09,24,16,10,12,2.9895620116261328,16.2,20190924161012
423,-42.71,171.901,2019,11,27,23,12,42,0.7630837648419608,12.6,20191127231242
424,-42.776,171.661,2020,01,21,04,42,36,0.6035838115208298,7.5,20200121044236
425,-42.75,171.726,2019,09,02,02,20,11,0.9221707910305464,6.4,20190902022011
426,-42.648,171.956,2019,08,07,21,32,43,1.0664238940372353,12.8,20190807213243
427,-42.753,171.717,2020,01,11,06,12,20,1.1804529066393556,11.0,20200111061220
428,-42.978,171.71,2019,06,15,12,01,50,1.1950292543702707,11.8,20190615120150
429,-42.876,171.719,2019,07,22,23,08,15,1.1123210552643776,11.1,20190722230815
430,-42.904,171.725,2020,02,07,18,07,57,0.9579397822145082,8.1,20200207180757
431,-42.742,171.732,2019,09,30,12,35,15,1.5171133311565745,10.3,20190930123515
432,-42.805,171.623,2019,05,25,06,23,24,0.3566282837162219,9.6,20190525062324
433,-42.706,171.678,2019,09,26,22,52,31,1.4869417526521864,7.9,20190926225231
434,-42.648,171.958,2019,12,11,03,22,59,1.0622414844889456,11.5,20191211032259
435,-42.748,171.479,2020,01,03,08,26,39,0.6167155763521498,7.9,20200103082639
436,-42.725,171.753,2019,07,14,10,16,51,1.1174247804136648,8.9,20190714101651
437,-42.857,171.61,2019,09,25,01,03,08,1.4222050423357433,7.5,20190925010308
438,-42.758,171.665,2020,02,09,02,21,13,1.097513019557269,6.2,20200209022113
439,-42.679,171.45,2019,05,11,11,38,35,0.2578481203171835,9.2,20190511113835
440,-42.761,171.769,2019,06,28,11,13,27,0.6315228326429176,11.7,20190628111327
441,-42.778,171.696,2019,08,15,21,28,37,0.9175985674433977,10.4,20190815212837
442,-42.755,171.475,2019,10,02,12,13,14,0.7941958844136132,8.8,20191002121314
443,-42.851,171.657,2019,07,28,09,25,41,0.5115770174734738,7.1,20190728092541
444,-42.878,171.622,2019,07,31,17,45,53,0.7111482478757255,10.4,20190731174553
445,-42.694,171.7,2019,12,04,17,32,20,0.7521474502546286,11.4,20191204173220
446,-42.931,171.614,2019,07,20,19,07,14,0.7815866286450297,4.8,20190720190714
447,-42.722,171.759,2019,10,06,06,21,02,0.5067531741676164,6.5,20191006062102
448,-42.657,171.883,2020,01,10,09,05,02,0.7483325529988959,10.7,20200110090502
449,-42.842,171.766,2020,01,18,09,52,34,0.665188266056137,9.7,20200118095234
450,-42.829,171.312,2019,05,07,14,10,25,0.6862117730397992,10.1,20190507141025
451,-42.929,171.446,2019,11,26,21,01,22,1.7375036916504871,16.7,20191126210122
452,-42.678,171.888,2020,01,07,16,50,45,0.9128900203404896,12.3,20200107165045
453,-42.841,171.326,2019,05,09,21,14,05,1.560017396420831,10.1,20190509211405
454,-42.794,171.658,2019,12,25,13,34,54,1.058407080702564,9.9,20191225133454
455,-42.785,171.638,2019,10,26,23,09,07,0.9354087596739011,9.1,20191026230907
456,-42.68,171.855,2019,09,27,17,29,27,1.3134400289089212,11.1,20190927172927
457,-42.938,171.96,2019,10,20,00,51,17,2.267159985655923,14.5,20191020005117
458,-42.777,171.68,2020,01,03,19,48,47,0.8583657737904963,9.8,20200103194847
459,-42.922,171.821,2019,07,07,13,07,54,0.38695381058276296,10.6,20190707130754
460,-42.967,171.412,2019,11,22,19,29,37,0.8705100684218146,14.5,20191122192937
461,-42.673,171.864,2020,02,10,13,58,34,0.4145999428798696,5.3,20200210135834
462,-42.736,171.721,2019,05,24,21,37,11,0.4531963241354512,10.2,20190524213711
463,-42.778,171.674,2019,10,27,21,58,45,0.34279482968234587,10.1,20191027215845
464,-42.771,171.681,2020,01,07,22,31,43,0.7349604802017027,9.2,20200107223143
465,-42.723,171.754,2020,03,06,12,13,23,1.0497116387663623,9.8,20200306121323
466,-42.719,171.749,2019,07,16,13,04,30,0.9243777331941879,8.7,20190716130430
467,-42.698,171.694,2019,09,04,06,45,58,1.3502516761235992,9.7,20190904064558
468,-42.987,171.757,2019,12,24,14,25,18,2.167386571041099,9.0,20191224142518
469,-42.698,171.711,2020,01,28,08,31,36,0.0863362582262127,11.2,20200128083136
470,-42.976,171.214,2020,02,11,12,17,57,0.9659206177327935,17.2,20200211121757
471,-42.736,171.719,2019,06,04,02,17,49,0.8612839936158265,9.4,20190604021749
472,-42.752,171.55,2019,05,12,01,15,22,0.3875400519858713,8.0,20190512011522
473,-42.608,171.939,2019,05,13,14,57,40,1.4280042716402952,13.5,20190513145740
474,-42.709,171.697,2019,05,23,04,45,05,0.2833604525064309,12.2,20190523044505
475,-42.721,171.756,2020,02,29,20,49,02,1.3035128172559995,10.3,20200229204902
476,-42.79,171.532,2020,03,03,00,09,26,0.9572715468224572,13.2,20200303000926
477,-42.617,171.88,2019,08,12,18,30,06,0.9820027001403788,11.2,20190812183006
478,-42.706,171.79,2019,11,25,14,29,43,0.23797581299174292,11.1,20191125142943
479,-42.771,171.672,2019,11,18,08,51,28,0.7471494000351845,8.8,20191118085128
480,-42.694,171.698,2019,12,01,13,26,09,0.756857175861527,11.5,20191201132609
481,-42.77,171.484,2019,09,30,06,25,48,1.2659489957547319,7.1,20190930062548
482,-42.771,171.673,2019,06,22,19,13,57,0.08638174733775494,7.5,20190622191357
483,-42.943,171.635,2020,01,21,11,01,33,0.6914446033792753,4.6,20200121110133
484,-42.756,171.749,2020,02,15,06,40,08,0.3980276134997832,12.9,20200215064008
485,-42.864,171.613,2019,09,25,21,21,19,0.6276888434990775,9.5,20190925212119
486,-42.77,171.776,2020,01,17,09,02,20,0.3023864931141812,6.4,20200117090220
487,-42.627,171.826,2019,07,09,05,17,18,1.015572801144651,12.4,20190709051718
488,-42.557,171.948,2020,02,07,13,21,10,1.149963829554325,6.7,20200207132110
489,-42.744,171.776,2019,11,23,12,49,54,0.1480986623898284,11.6,20191123124954
490,-42.784,171.611,2019,07,24,04,22,04,0.11830981928425878,12.1,20190724042204
491,-42.692,171.816,2019,12,31,06,13,24,0.0038693398742539915,10.0,20191231061324
492,-42.761,171.481,2019,06,10,17,58,04,0.6191512953268842,7.0,20190610175804
493,-42.877,171.63,2020,02,12,02,04,57,1.590463987136978,9.5,20200212020457
494,-42.771,171.673,2019,12,23,10,08,42,0.9134697536469283,8.5,20191223100842
495,-42.628,171.84,2019,07,19,13,03,13,1.0184399025353215,12.0,20190719130313
496,-42.92,171.917,2019,10,18,14,16,23,1.3221873686374754,12.8,20191018141623
497,-42.989,171.749,2019,12,24,10,11,04,1.1569649089713905,10.3,20191224101104
498,-42.672,171.926,2019,09,06,16,25,25,1.7392089445943857,13.0,20190906162525
499,-42.715,171.742,2019,12,01,00,07,56,0.600995358375072,6.9,20191201000756
500,-42.682,171.908,2019,11,23,06,30,21,0.46035659722247035,7.3,20191123063021
501,-42.889,171.66,2020,02,09,19,37,21,0.6182449766252625,12.7,20200209193721
502,-42.783,171.593,2019,07,19,22,43,13,0.05226133331991745,9.7,20190719224313
503,-42.727,171.703,2019,08,24,10,00,43,0.2721849525275406,9.4,20190824100043
504,-42.705,171.367,2019,09,24,13,43,24,1.1114930872985866,16.0,20190924134324
505,-42.727,171.764,2019,11,02,22,02,49,0.4907430438398932,9.9,20191102220249
506,-42.714,171.836,2019,06,04,10,49,32,0.41064651253631124,8.2,20190604104932
507,-42.758,171.786,2019,09,06,13,04,01,0.6667635990364918,10.0,20190906130401
508,-42.746,171.721,2020,01,29,08,11,12,1.0633798707886788,6.9,20200129081112
509,-42.525,172.064,2020,01,31,08,48,32,1.852741409686402,23.3,20200131084832
510,-42.869,171.766,2020,02,14,04,10,47,0.7751360520669148,10.3,20200214041047
511,-42.676,171.855,2019,07,06,03,29,05,0.19280122802876537,14.1,20190706032905
512,-42.854,171.609,2019,11,12,23,43,00,0.1450017294190588,7.0,20191112234300
513,-42.785,171.895,2019,12,18,20,49,06,1.0422974009703851,13.6,20191218204906
514,-42.86,171.65,2020,01,21,05,38,33,0.7014213019252347,10.0,20200121053833
515,-42.881,171.684,2019,06,15,01,09,29,0.34264841586831973,11.2,20190615010929
516,-42.706,171.668,2019,05,20,18,00,39,0.18868106632136455,8.9,20190520180039
517,-42.82,171.622,2019,06,25,17,15,51,0.015432130083559903,3.0,20190625171551
518,-42.697,171.7,2019,10,05,19,55,00,0.6677212662052342,9.3,20191005195500
519,-42.868,171.571,2019,08,24,04,43,03,0.3239230667214473,5.3,20190824044303
520,-42.739,171.249,2020,03,02,04,53,15,1.2551489636054691,9.0,20200302045315
521,-42.702,171.698,2019,05,04,23,03,21,0.10584937850067168,9.1,20190504230321
522,-42.761,171.484,2019,06,04,12,07,17,0.14506354838509883,7.3,20190604120717
523,-42.896,171.71,2019,08,12,17,21,27,1.3092076966476907,10.4,20190812172127
524,-42.56,171.91,2019,11,21,21,26,10,0.9763907304032526,17.6,20191121212610
525,-42.765,171.678,2020,01,07,13,03,22,0.0694066981515264,7.9,20200107130322
526,-42.865,171.621,2019,08,13,12,11,29,2.6853798524795276,6.5,20190813121129
527,-42.801,171.862,2019,09,03,01,26,05,1.1497718881128507,12.1,20190903012605
528,-42.622,171.845,2019,07,20,18,09,46,0.8036831708570993,11.6,20190720180946
529,-42.68,171.869,2020,01,04,20,51,12,0.5458469363691154,10.5,20200104205112
530,-42.596,171.942,2019,07,11,21,32,28,1.0042905519482352,11.6,20190711213228
531,-42.754,171.579,2019,07,27,06,29,09,0.633171705192687,11.0,20190727062909
532,-42.761,171.77,2019,07,16,23,18,03,0.8084208642591305,8.1,20190716231803
533,-42.676,171.732,2019,06,22,05,43,43,0.24868967242176251,9.8,20190622054343
534,-42.744,171.827,2019,09,15,18,30,52,0.30294933864652573,0.0,20190915183052
535,-42.861,171.619,2020,01,16,07,11,20,0.5572923120840352,11.7,20200116071120
536,-42.692,171.827,2019,10,12,15,01,11,0.8207423149259144,11.7,20191012150111
537,-42.823,171.808,2019,11,27,11,51,36,0.7394172459164601,11.5,20191127115136
538,-42.641,171.956,2019,12,16,04,56,39,1.430657291843068,11.6,20191216045639
539,-42.705,171.369,2019,09,24,09,31,37,1.7559917352553707,16.4,20190924093137
540,-42.877,171.75,2020,02,17,11,23,52,0.6912981867616289,10.5,20200217112352
541,-42.867,171.633,2020,01,22,12,55,14,0.2583930741961499,9.6,20200122125514
542,-42.766,171.439,2019,06,12,22,45,51,0.46268721942403634,5.5,20190612224551
543,-42.965,171.368,2019,06,02,20,11,05,0.3189650235606063,12.8,20190602201105
544,-43.028,171.482,2020,03,01,08,16,46,1.0867329569578215,5.9,20200301081646
545,-42.918,171.928,2020,02,05,10,14,18,1.088679883227592,9.2,20200205101418
546,-42.682,171.929,2019,09,15,14,24,08,0.8915365426799619,11.3,20190915142408
547,-42.703,171.692,2019,07,31,00,29,31,0.46543489264905374,10.7,20190731002931
548,-42.669,171.97,2019,12,17,17,01,51,0.7317423183365956,12.5,20191217170151
549,-42.768,171.663,2019,05,25,19,42,37,-0.04779653670628335,10.1,20190525194237
550,-42.659,171.837,2019,07,31,16,03,16,0.3829300371119854,6.2,20190731160316
551,-42.902,171.698,2020,01,01,06,49,48,0.6216518895670011,12.3,20200101064948
552,-42.775,171.679,2019,10,16,22,36,49,0.4576091974407844,10.3,20191016223649
553,-42.537,171.951,2020,02,06,14,51,05,0.6137602318083218,1.4,20200206145105
554,-42.721,171.756,2020,02,06,10,03,24,0.8946934735068918,10.2,20200206100324
555,-42.803,171.475,2019,08,29,09,45,23,0.5100573824352542,7.4,20190829094523
556,-42.876,171.631,2020,01,01,14,34,47,0.3191721837784378,9.0,20200101143447
557,-42.653,171.905,2019,08,26,15,31,26,1.1009728517542554,11.7,20190826153126
558,-42.877,171.625,2019,08,02,06,14,45,1.2474776481432457,9.8,20190802061445
559,-42.678,171.855,2019,10,08,21,15,32,1.06409573239407,11.7,20191008211532
560,-42.701,171.372,2019,09,28,23,07,45,3.3359689602125573,15.4,20190928230745
561,-42.595,171.808,2019,08,04,22,26,46,-0.07553895216209178,10.0,20190804222646
562,-42.767,171.675,2020,01,14,04,33,43,1.1006530800471244,8.0,20200114043343
563,-42.868,171.572,2020,01,21,18,09,23,1.611299074634391,3.3,20200121180923
564,-42.762,171.792,2019,05,24,06,28,21,0.6134685214700036,6.6,20190524062821
565,-42.658,171.196,2019,09,01,13,01,10,1.2667644184063243,26.4,20190901130110
566,-42.871,171.624,2019,08,01,07,45,24,0.5121135706903442,8.2,20190801074524
567,-42.664,171.933,2019,08,06,17,23,40,1.0087413883877847,13.6,20190806172340
568,-42.869,171.604,2019,07,23,22,05,43,0.5238788209627052,11.2,20190723220543
569,-42.774,171.672,2019,08,30,22,57,25,1.3702355377189372,4.8,20190830225725
570,-42.873,171.63,2019,07,31,18,53,41,1.7307524378979855,8.4,20190731185341
571,-42.773,171.676,2020,01,03,16,16,19,0.8906070052342218,9.3,20200103161619
572,-42.864,171.621,2019,08,03,05,21,48,0.7524272431599833,9.8,20190803052148
573,-42.669,171.883,2019,12,31,09,55,02,0.5929339830500769,11.9,20191231095502
574,-42.99,171.752,2019,12,24,16,04,04,1.7369775004270054,10.2,20191224160404
575,-42.814,171.677,2019,10,29,00,01,22,0.6972358873924913,8.4,20191029000122
576,-42.653,171.879,2019,06,29,19,00,29,0.6128042744956977,13.7,20190629190029
577,-42.745,171.737,2019,05,10,08,23,21,1.0168365933096863,10.0,20190510082321
578,-42.762,171.678,2019,05,15,18,29,24,0.36389281861081585,6.9,20190515182924
579,-42.79,171.697,2019,06,16,12,24,17,0.4222434157138745,4.7,20190616122417
580,-42.895,171.627,2019,06,24,10,33,18,0.26581825391994895,9.2,20190624103318
581,-42.812,171.667,2019,08,18,22,39,28,0.5969372440916673,8.1,20190818223928
582,-42.706,171.376,2019,09,24,09,23,15,2.4831456189966103,16.3,20190924092315
583,-42.68,171.754,2019,10,19,21,15,42,0.9356163661430358,11.0,20191019211542
584,-42.986,171.748,2019,12,24,16,37,17,1.2370873515836407,9.5,20191224163717
585,-42.758,171.484,2019,08,15,19,56,43,0.5420537281171616,7.3,20190815195643
586,-42.779,171.421,2019,08,28,07,06,33,1.473494353337441,9.5,20190828070633
587,-42.874,171.627,2019,08,01,02,52,48,0.9261306095925061,8.0,20190801025248
588,-42.818,171.449,2019,09,15,17,35,17,0.6618187828694875,11.0,20190915173517
589,-42.716,171.38,2019,11,04,07,10,30,2.651953136964387,16.4,20191104071030
590,-42.608,171.535,2019,07,16,20,44,36,0.5951270885146692,0.0,20190716204436
591,-42.901,171.839,2019,12,10,09,05,47,0.7278428980338463,11.7,20191210090547
592,-42.946,171.925,2020,02,08,09,03,58,1.579693598966322,15.2,20200208090358
593,-42.709,171.752,2019,07,27,08,44,18,0.2025571665178514,11.3,20190727084418
594,-42.878,171.615,2019,12,27,07,48,19,1.0847325914886192,7.2,20191227074819
595,-42.71,171.779,2019,12,06,09,25,00,1.1829589533611047,6.4,20191206092500
596,-42.813,171.67,2019,05,13,00,17,51,0.3412177891773461,7.8,20190513001751
597,-42.826,171.822,2019,06,22,12,27,14,0.5976635630825424,9.9,20190622122714
598,-42.683,171.874,2020,01,07,23,02,18,1.0651460140129674,9.9,20200107230218
599,-42.77,171.946,2019,10,27,19,51,08,1.3962114673076653,11.6,20191027195108
600,-42.768,171.676,2020,02,09,05,17,19,1.1047746748753893,7.8,20200209051719
601,-42.868,171.602,2019,06,11,01,13,08,0.8185170520849331,7.5,20190611011308
602,-42.773,171.648,2019,08,18,23,50,20,0.40508562522175434,9.7,20190818235020
603,-42.671,171.811,2019,06,29,12,44,16,0.12977778349625566,11.3,20190629124416
604,-42.779,171.743,2019,07,23,12,18,11,0.6118755166882491,9.0,20190723121811
605,-42.713,171.382,2019,10,17,12,21,30,0.5366634467303335,15.6,20191017122130
606,-42.988,171.765,2019,07,15,19,58,43,1.588599423255379,13.3,20190715195843
607,-42.591,171.528,2019,11,05,14,32,51,0.23539787836847575,0.1,20191105143251
608,-42.78,171.368,2020,01,07,10,29,51,0.21193182572329058,12.7,20200107102951
609,-42.938,171.602,2019,06,04,07,50,02,0.5566459938202003,9.5,20190604075002
610,-42.643,171.959,2019,10,02,21,09,11,0.9131977057701084,12.4,20191002210911
611,-42.722,171.746,2020,02,27,15,15,30,0.831037131627211,3.3,20200227151530
612,-42.677,171.852,2019,10,12,19,42,30,0.5113729112908144,12.5,20191012194230
613,-42.705,171.378,2019,09,28,05,08,14,1.1815378191505996,15.2,20190928050814
614,-42.707,171.763,2019,11,24,02,08,23,0.6873506672031882,5.3,20191124020823
615,-42.767,171.668,2019,05,05,12,50,37,-0.1282570410362627,9.5,20190505125037
616,-42.704,171.574,2019,05,03,15,42,08,0.26207147537401465,1.6,20190503154208
617,-42.888,171.625,2019,06,04,15,14,20,0.6319508878415698,10.8,20190604151420
618,-42.967,171.396,2019,08,02,06,13,50,0.9260288756931649,7.6,20190802061350
619,-42.759,171.482,2019,06,10,15,08,30,0.06465103315630517,7.0,20190610150830
620,-42.875,171.673,2019,06,17,07,27,07,0.3835866841445211,10.5,20190617072707
621,-42.77,171.801,2019,06,08,11,56,18,0.19245014290452983,0.0,20190608115618
622,-42.67,171.932,2019,08,06,20,21,59,0.9778932885094682,13.7,20190806202159
623,-42.64,171.811,2019,05,09,09,07,18,1.6560655019179091,11.3,20190509090718
624,-42.702,171.898,2019,06,29,02,25,02,0.8229644227287465,9.2,20190629022502
625,-42.934,171.577,2019,08,25,13,09,42,1.2568202813279827,9.2,20190825130942
626,-42.654,171.904,2019,05,02,03,19,19,1.699449741102395,10.7,20190502031919
627,-42.658,171.925,2019,06,25,21,37,09,1.0073467801343108,9.9,20190625213709
628,-42.723,171.75,2019,07,20,14,14,19,1.3932754285001756,9.4,20190720141419
629,-42.631,171.406,2019,08,19,16,27,51,0.8180857450553868,7.5,20190819162751
630,-42.756,171.459,2019,10,14,16,15,05,0.15344974081968932,9.9,20191014161505
631,-42.888,171.694,2019,05,11,22,36,31,0.680577532814363,12.6,20190511223631
632,-42.762,171.761,2019,06,05,12,02,34,0.7964590985742765,8.1,20190605120234
633,-42.7,171.741,2020,02,22,21,58,38,0.7438798801948105,5.7,20200222215838
634,-42.857,171.614,2019,09,18,12,07,16,0.8386086421792073,7.4,20190918120716
635,-42.8,171.715,2019,10,10,11,45,54,0.27918812529348225,7.9,20191010114554
636,-42.759,171.746,2019,08,01,05,48,50,0.4535603516978747,11.6,20190801054850
637,-42.703,171.889,2019,09,10,22,14,37,0.8038513500049442,8.3,20190910221437
638,-42.864,171.633,2019,09,14,15,00,29,1.0330486537799115,8.3,20190914150029
639,-42.845,171.412,2019,10,19,05,27,43,0.8827065628758828,9.8,20191019052743
640,-42.792,171.658,2019,12,14,07,53,11,1.1279620917721664,9.9,20191214075311
641,-42.964,171.43,2019,10,30,07,04,16,0.9196750307253332,10.0,20191030070416
642,-42.652,171.921,2019,05,31,12,41,13,1.2122056425764702,10.7,20190531124113
643,-42.72,171.752,2019,07,16,18,12,34,0.8533721041124466,9.2,20190716181234
644,-42.623,171.966,2019,11,28,21,30,29,1.0476991962489295,12.7,20191128213029
645,-42.769,171.675,2019,05,12,03,33,42,0.8887924275706229,7.9,20190512033342
646,-42.743,171.558,2019,07,08,02,04,26,1.0710080242134163,17.6,20190708020426
647,-42.703,171.377,2019,09,23,01,43,13,3.726160975503533,15.5,20190923014313
648,-42.789,171.768,2020,01,21,19,32,55,0.4241046516455958,8.9,20200121193255
649,-42.718,171.761,2019,07,21,04,20,34,0.3356348256612388,7.9,20190721042034
650,-42.811,171.401,2019,10,06,03,44,37,0.5690251858980319,9.1,20191006034437
651,-42.925,171.779,2020,02,26,13,25,59,-0.03723298684512989,1.0,20200226132559
652,-42.619,171.365,2019,08,24,19,20,05,0.774802827732883,10.5,20190824192005
653,-42.712,171.732,2020,02,25,08,23,49,0.8400978685349179,12.9,20200225082349
654,-42.76,171.804,2019,09,14,06,11,46,0.8129614320301047,10.1,20190914061146
655,-42.679,171.9,2019,10,07,12,18,23,0.7075397659635075,10.8,20191007121823
656,-42.829,171.354,2019,06,26,09,43,51,0.9955960040735238,11.1,20190626094351
657,-42.741,171.316,2019,05,15,09,07,21,0.9302926350172042,9.3,20190515090721
658,-42.592,171.882,2019,06,26,12,13,12,0.7202289318710696,25.9,20190626121312
659,-42.896,171.739,2019,10,11,16,37,59,0.9049785529342919,10.5,20191011163759
660,-42.754,171.475,2019,07,13,04,29,00,0.6296508114092602,7.3,20190713042900
661,-42.689,171.881,2019,11,29,04,08,10,2.8895276698312693,10.7,20191129040810
662,-42.753,171.611,2020,01,07,20,37,21,0.5005890798796027,8.5,20200107203721
663,-42.883,171.628,2019,07,31,16,21,54,0.5286989771584806,9.7,20190731162154
664,-42.867,171.621,2019,10,09,22,38,14,1.2086662796837906,7.2,20191009223814
665,-42.676,171.753,2020,01,18,18,06,56,-0.04608121307550225,13.0,20200118180656
666,-42.84,171.8,2019,05,16,18,15,55,0.7108409956568102,13.5,20190516181555
667,-42.7,171.751,2020,02,22,22,01,08,0.3195596090087641,5.9,20200222220108
668,-42.658,171.912,2019,07,05,17,33,13,0.8890115592041349,6.8,20190705173313
669,-42.703,171.374,2019,09,24,20,39,40,2.210906438841221,16.3,20190924203940
670,-42.6,171.88,2019,08,24,11,27,18,0.2457731968685926,2.1,20190824112718
671,-42.722,171.749,2019,08,25,11,44,16,0.8419259631402031,8.8,20190825114416
672,-42.87,171.598,2019,07,15,07,03,32,0.7260169259746664,9.2,20190715070332
673,-42.707,171.762,2019,07,19,14,45,43,0.5386104234656991,10.3,20190719144543
674,-42.726,171.815,2019,09,07,14,54,59,1.2277992941200933,12.8,20190907145459
675,-42.947,171.879,2019,12,08,13,43,39,1.1173056893885387,16.6,20191208134339
676,-42.941,171.659,2019,09,22,14,30,15,1.157110415363895,8.6,20190922143015
677,-42.727,171.758,2020,02,29,23,23,16,1.4923272777680734,9.2,20200229232316
678,-42.877,171.705,2019,06,05,21,02,33,0.26886214713435275,12.7,20190605210233
679,-42.778,171.655,2019,06,15,06,43,24,0.3261843635463709,6.3,20190615064324
680,-42.886,171.623,2019,08,01,14,09,08,0.18182641051525275,4.7,20190801140908
681,-42.704,171.37,2019,10,17,21,52,39,1.9107363185415336,15.5,20191017215239
682,-42.847,171.917,2020,01,07,16,44,03,0.5864234327756612,17.2,20200107164403
683,-42.881,171.622,2019,07,23,20,43,37,0.8644916414943074,8.0,20190723204337
684,-42.92,171.666,2019,10,23,19,04,10,0.9601395221052367,12.6,20191023190410
685,-43.022,171.275,2019,08,01,09,14,03,0.6145973382075688,14.2,20190801091403
686,-42.685,171.338,2019,06,11,00,23,28,1.025933004347033,4.4,20190611002328
687,-42.715,171.622,2019,08,21,03,13,15,0.9626492571066088,12.9,20190821031315
688,-42.691,171.82,2019,06,07,13,05,09,0.4386225393080281,8.4,20190607130509
689,-42.753,171.788,2019,08,07,09,39,35,0.6843268472212518,11.2,20190807093935
690,-42.616,171.836,2019,07,23,15,25,51,0.429874071153908,10.7,20190723152551
691,-42.606,171.944,2019,05,14,04,44,25,1.8558928124524354,11.4,20190514044425
692,-42.764,171.491,2019,09,30,06,25,44,1.0891471129997834,6.4,20190930062544
693,-42.71,171.38,2019,10,05,05,34,18,2.633293257086539,15.7,20191005053418
694,-42.798,171.713,2019,07,07,21,43,07,0.41153268300442314,8.6,20190707214307
695,-42.892,171.724,2020,01,10,20,05,38,0.4849441598626996,11.0,20200110200538
696,-42.85,171.664,2019,11,05,00,23,59,0.9899716864388943,28.7,20191105002359
697,-42.668,171.816,2019,12,22,10,14,15,0.5517155874635216,11.0,20191222101415
698,-42.7,171.885,2019,06,28,23,52,09,0.9640479389725066,9.9,20190628235209
699,-42.903,171.684,2020,01,22,03,48,57,1.7276670104053604,9.6,20200122034857
700,-42.682,171.72,2020,02,22,15,48,28,0.5680320485948485,8.7,20200222154828
701,-42.79,171.607,2019,10,28,03,10,49,0.5860722417965826,8.9,20191028031049
702,-42.64,171.813,2019,05,09,12,44,18,1.0651216006645772,10.6,20190509124418
703,-42.76,171.764,2019,07,07,06,09,43,0.6235433678163785,8.2,20190707060943
704,-42.705,171.365,2019,09,25,11,08,54,1.1937458304403705,16.2,20190925110854
705,-42.712,171.675,2019,09,26,08,26,34,0.871406798711163,7.0,20190926082634
706,-42.755,171.476,2020,01,03,08,26,39,0.49999978717587784,7.2,20200103082639
707,-42.944,171.565,2019,05,25,06,38,54,0.6844801396695531,5.9,20190525063854
708,-42.88,171.627,2019,12,26,18,34,24,0.6919711373103301,8.4,20191226183424
709,-42.644,171.961,2019,08,07,21,36,31,1.1330858357722158,11.8,20190807213631
710,-42.684,171.879,2019,12,30,22,26,07,0.785849958090665,9.7,20191230222607
711,-42.957,171.544,2019,06,02,13,47,12,0.5031408190603444,7.3,20190602134712
712,-42.807,171.659,2020,03,05,16,20,06,2.600932343288928,7.3,20200305162006
713,-42.878,171.624,2019,08,02,16,55,15,1.2745686980677182,9.5,20190802165515
714,-42.753,171.718,2019,07,06,08,35,03,0.07274106393379122,12.7,20190706083503
715,-42.683,171.61,2020,01,08,09,17,49,0.07647935553039573,5.4,20200108091749
716,-42.686,171.366,2019,09,23,02,31,15,1.340511769570615,14.8,20190923023115
717,-42.709,171.677,2019,09,26,07,20,25,0.3574964994164443,8.5,20190926072025
718,-42.877,171.675,2019,10,22,15,42,09,0.8509543574748536,6.2,20191022154209
719,-43.001,171.489,2019,06,01,12,04,58,0.9827692266835651,8.0,20190601120458
720,-42.685,171.721,2019,06,22,08,41,57,0.5959301672223069,9.7,20190622084157
721,-43.014,171.387,2019,12,23,12,39,37,1.2075679368544625,8.6,20191223123937
722,-42.649,171.874,2019,12,16,12,21,59,1.0675047507568227,14.0,20191216122159
723,-42.786,171.821,2019,07,08,21,50,06,0.42594387743048195,0.0,20190708215006
724,-42.719,171.749,2019,09,19,03,19,22,0.6482784415468671,7.9,20190919031922
725,-42.743,171.734,2019,11,04,01,23,34,0.6195463147361832,9.9,20191104012334
726,-42.884,171.673,2019,12,28,00,18,10,1.31054620550064,11.9,20191228001810
727,-42.727,171.805,2019,09,21,14,34,41,0.6266840310306954,11.9,20190921143441
728,-42.624,171.835,2019,09,30,13,17,47,0.5621416337672733,10.5,20190930131747
729,-42.679,171.443,2019,05,11,10,27,18,0.46352247007939823,9.1,20190511102718
730,-42.764,171.767,2020,01,21,01,50,17,1.4151482063182304,6.9,20200121015017
731,-42.758,171.743,2019,05,25,16,18,44,0.3049737501858561,10.0,20190525161844
732,-42.745,171.713,2019,12,30,18,32,59,0.8498305567296287,8.4,20191230183259
733,-42.862,171.753,2020,02,27,09,49,38,0.6929257378040979,10.8,20200227094938
734,-42.741,171.739,2019,05,17,09,57,42,0.34118917762991774,9.9,20190517095742
735,-42.743,171.719,2019,10,19,09,57,26,0.56773301211238,9.5,20191019095726
736,-42.734,171.764,2019,08,17,17,12,15,0.3158832007291415,7.6,20190817171215
737,-42.864,171.611,2019,09,19,18,04,14,0.5357675085751199,7.5,20190919180414
738,-42.698,171.873,2019,10,15,17,43,45,0.8831357161175345,10.8,20191015174345
739,-42.776,171.78,2019,07,27,00,26,16,0.13899424656464024,10.3,20190727002616
740,-42.762,171.696,2019,11,19,12,38,56,1.516717872528475,7.9,20191119123856
741,-42.752,171.798,2019,06,29,21,31,57,0.6462810847886306,9.1,20190629213157
742,-42.672,171.847,2019,05,12,17,10,48,0.8741609241664858,12.8,20190512171048
743,-42.895,171.667,2019,09,28,07,26,18,1.1287231567158977,9.3,20190928072618
744,-42.809,171.662,2020,03,06,07,28,52,1.7979105748258235,7.4,20200306072852
745,-42.702,171.718,2019,09,24,14,04,40,0.2884094209340525,10.9,20190924140440
746,-42.75,171.505,2020,01,04,10,37,57,0.37466118342649485,8.8,20200104103757
747,-42.956,171.912,2020,03,05,22,56,42,2.0015294687363645,15.1,20200305225642
748,-42.725,171.749,2019,07,10,02,08,13,1.6327708545623998,9.1,20190710020813
749,-42.713,171.682,2019,09,26,20,44,03,0.9701895096091202,7.9,20190926204403
750,-42.694,171.817,2019,07,10,22,24,46,0.44478515456609646,9.8,20190710222446
751,-42.763,171.823,2019,09,03,21,08,50,0.4534701690870074,6.9,20190903210850
752,-43.034,171.517,2019,09,16,09,35,51,1.8727470001150583,4.6,20190916093551
753,-42.943,171.571,2019,09,16,09,57,27,2.3791577376749204,8.9,20190916095727
754,-42.741,171.754,2019,12,29,02,48,36,1.8052769517080889,7.8,20191229024836
755,-42.688,171.88,2019,11,01,06,01,52,1.9738606322092702,10.3,20191101060152
756,-42.701,171.764,2020,02,09,13,07,39,0.23632973864020984,5.4,20200209130739
757,-42.755,171.63,2019,10,27,02,05,30,0.7133409997554349,6.7,20191027020530
758,-42.701,171.375,2019,09,27,13,29,47,1.0201014039322192,15.4,20190927132947
759,-42.743,171.672,2019,06,09,12,47,57,-0.07502939787447263,11.1,20190609124757
760,-42.7,171.894,2019,06,28,20,35,03,0.7323793298415522,9.5,20190628203503
761,-42.741,171.7,2019,12,31,22,24,32,0.3370993395268563,8.5,20191231222432
762,-42.769,171.678,2020,01,13,17,08,50,0.5197704502133931,8.5,20200113170850
763,-42.936,171.568,2019,09,17,00,01,30,0.9898540297355122,9.4,20190917000130
764,-42.66,171.878,2019,12,18,08,27,20,0.7852572977727107,12.1,20191218082720
765,-42.706,171.751,2020,02,06,12,12,51,0.6740745811631133,3.7,20200206121251
766,-42.978,171.779,2019,12,28,03,26,43,1.512538983906955,15.4,20191228032643
767,-42.75,171.798,2020,01,22,13,28,55,0.6747320931274708,9.7,20200122132855
768,-42.892,171.31,2019,06,03,02,27,37,0.70658146726479,7.9,20190603022737
769,-42.758,171.745,2019,06,30,17,11,58,1.5019352078229256,9.1,20190630171158
770,-42.872,171.631,2019,07,31,15,36,59,1.2218638371506645,6.9,20190731153659
771,-42.716,171.615,2020,01,21,20,53,17,0.27899562222309343,9.5,20200121205317
772,-42.711,171.768,2019,10,03,14,17,34,0.3188452779468719,9.9,20191003141734
773,-42.871,171.627,2019,08,14,20,25,24,0.6737914303680036,8.5,20190814202524
774,-42.624,171.832,2019,11,04,05,47,19,0.764222737105885,11.0,20191104054719
775,-42.982,171.741,2019,10,24,03,05,01,2.001043478756719,20.4,20191024030501
776,-42.907,171.923,2019,11,04,07,26,51,1.4366371884611226,18.2,20191104072651
777,-42.743,171.796,2019,06,16,07,26,06,0.25486100280167123,4.8,20190616072606
778,-42.756,171.713,2019,11,26,11,54,31,0.6212385989105028,9.4,20191126115431
779,-42.593,171.856,2019,07,06,06,51,46,0.9217355183177502,13.7,20190706065146
780,-42.928,171.385,2019,05,04,17,58,40,1.4745618046092372,5.2,20190504175840
781,-42.71,171.383,2019,09,27,12,19,55,1.5685850400148802,16.1,20190927121955
782,-42.754,171.623,2019,06,30,08,33,20,0.01431559830888145,10.0,20190630083320
783,-42.668,171.382,2019,10,04,20,48,41,0.9638916350488839,10.8,20191004204841
784,-42.786,171.609,2019,10,12,12,30,04,0.2784639096713329,8.4,20191012123004
785,-42.688,171.281,2019,06,10,11,32,18,0.6763097330044731,10.6,20190610113218
786,-42.672,171.831,2019,12,25,15,23,17,0.45008521040102023,13.3,20191225152317
787,-42.655,171.88,2019,05,25,08,43,15,0.7059728521134641,9.7,20190525084315
788,-43.021,171.403,2020,03,06,23,04,09,1.8393277296028805,11.0,20200306230409
789,-42.771,171.735,2019,08,20,08,47,10,1.5204363443380486,9.1,20190820084710
790,-42.943,171.564,2019,09,17,23,42,08,1.9505488280372005,10.5,20190917234208
791,-42.928,171.625,2019,06,01,15,17,01,1.0136871933048905,6.8,20190601151701
792,-42.63,171.83,2019,07,10,13,12,41,1.2339394547549711,12.6,20190710131241
793,-42.867,171.622,2019,07,31,16,42,07,0.15488948960171073,6.1,20190731164207
794,-42.707,171.802,2019,05,06,15,49,47,0.18264535864477122,12.7,20190506154947
795,-42.887,171.746,2019,07,10,19,28,13,1.6418570494889713,9.8,20190710192813
796,-42.657,171.86,2019,07,25,11,14,10,1.115957516856132,13.4,20190725111410
797,-42.633,171.894,2019,08,02,15,21,28,0.6580103259434622,13.2,20190802152128
798,-42.765,171.753,2019,12,08,13,49,37,2.3289970892033343,7.2,20191208134937
799,-42.694,171.696,2020,01,27,20,35,00,0.8355035419178787,10.6,20200127203500
800,-42.715,171.752,2019,07,17,14,45,12,1.3882148522777684,10.3,20190717144512
801,-42.926,171.922,2019,11,26,19,43,12,1.4302663207685986,19.3,20191126194312
802,-43.015,171.871,2019,10,23,09,28,13,1.06697159746698,13.2,20191023092813
803,-42.758,171.479,2019,06,12,08,53,33,0.3892090231016141,7.1,20190612085333
804,-42.917,171.559,2019,09,06,09,39,34,0.8135020681723892,14.8,20190906093934
805,-42.789,171.613,2020,02,25,01,52,39,1.3553544796477521,9.0,20200225015239
806,-42.687,171.887,2019,08,02,22,19,04,0.9163881845146556,10.3,20190802221904
807,-42.923,171.841,2019,09,08,09,34,36,1.7173295075068609,13.4,20190908093436
808,-42.766,171.726,2019,05,24,12,03,25,0.7252010813958868,8.9,20190524120325
809,-42.655,171.77,2019,06,30,10,05,25,0.10470188045388856,13.0,20190630100525
810,-42.713,171.884,2019,09,30,22,42,54,1.6752826650095458,9.7,20190930224254
811,-42.652,171.927,2019,11,25,11,51,44,0.91049444449231,3.5,20191125115144
812,-42.672,171.871,2019,10,13,21,50,57,0.4943540686474486,10.0,20191013215057
813,-42.647,171.88,2020,01,19,03,23,12,0.5490682179154589,11.0,20200119032312
814,-42.981,171.715,2020,01,25,19,21,06,1.073162705854717,10.9,20200125192106
815,-42.684,171.359,2019,10,19,04,06,27,0.4665763313601833,14.8,20191019040627
816,-42.775,171.676,2019,05,05,13,53,05,0.2568778823264259,9.1,20190505135305
817,-42.716,171.839,2019,08,07,10,26,08,0.6044819879419246,10.2,20190807102608
818,-42.919,171.246,2019,05,18,18,02,24,0.8641388864001716,10.7,20190518180224
819,-42.759,171.48,2019,06,11,15,57,00,0.39754294971153953,7.3,20190611155700
820,-42.748,171.713,2019,12,14,12,46,20,1.2186112608992399,8.0,20191214124620
821,-42.649,171.79,2019,12,22,12,02,13,0.7438859861524658,8.0,20191222120213
822,-42.686,171.876,2019,06,30,16,34,45,0.6186306203400241,10.4,20190630163445
823,-42.707,171.373,2019,09,23,01,55,56,1.0810982197889814,15.3,20190923015556
824,-42.703,171.369,2019,10,13,21,07,09,1.5857248250656537,15.5,20191013210709
825,-42.871,171.62,2019,06,22,17,48,10,0.23401014512643134,7.9,20190622174810
826,-42.7,171.996,2019,06,16,16,32,16,0.9360912776189244,6.3,20190616163216
827,-42.667,171.871,2019,06,05,14,50,57,0.510280578882491,10.8,20190605145057
828,-42.868,171.748,2020,02,29,12,23,06,0.8447283797243045,8.1,20200229122306
829,-42.704,171.706,2019,07,29,14,18,12,-0.027373942129392523,11.8,20190729141812
830,-42.735,171.708,2020,01,04,12,23,04,0.3272878203793446,9.1,20200104122304
831,-42.902,171.93,2020,01,23,06,34,39,1.2129729698639702,20.6,20200123063439
832,-42.833,171.674,2019,06,25,00,05,07,0.019529786089333978,10.8,20190625000507
833,-42.692,171.878,2019,06,14,12,48,10,0.30892407746814204,9.7,20190614124810
834,-42.962,171.434,2019,06,03,23,47,07,2.2778374128543732,9.3,20190603234707
835,-42.867,171.623,2019,08,01,02,52,48,0.8776474710299125,9.2,20190801025248
836,-42.791,171.578,2019,08,24,13,25,37,0.3514563620043534,11.0,20190824132537
837,-42.781,171.646,2019,05,06,22,14,57,0.2863896926085184,9.4,20190506221457
838,-42.709,171.364,2019,09,25,11,31,26,0.9773253852375136,16.3,20190925113126
839,-42.753,171.624,2019,08,22,12,35,03,0.25971627368061834,7.2,20190822123503
840,-42.577,171.868,2019,05,16,03,51,09,1.2018966818904944,14.4,20190516035109
841,-42.707,171.769,2019,06,15,12,14,54,0.5080639666300658,8.0,20190615121454
842,-42.824,171.643,2019,06,22,05,29,47,0.6476991349717531,6.5,20190622052947
843,-42.95,171.894,2019,09,21,18,31,42,2.039933950269864,13.2,20190921183142
844,-42.67,171.878,2019,07,28,15,48,48,0.3360461502861822,11.1,20190728154848
845,-42.631,171.956,2019,09,02,02,17,00,0.6382021841364273,12.2,20190902021700
846,-42.866,171.639,2019,12,09,10,44,46,0.3670923342060613,10.7,20191209104446
847,-42.88,171.66,2019,12,27,01,18,26,0.9311126207898051,11.8,20191227011826
848,-42.759,171.483,2019,07,06,16,08,54,0.4881838924748573,7.3,20190706160854
849,-42.787,171.668,2019,06,27,21,50,19,-0.1541058713712626,7.3,20190627215019
850,-42.941,171.663,2019,05,05,07,10,28,0.32354034124297365,6.4,20190505071028
851,-42.867,171.624,2019,08,12,03,42,37,0.9994749904427249,10.2,20190812034237
852,-42.868,171.623,2019,09,20,23,15,22,1.46893384700262,6.6,20190920231522
853,-42.873,171.624,2019,06,30,17,38,18,0.2301923768430363,7.8,20190630173818
854,-42.804,171.863,2019,10,22,20,04,58,1.8172564757161844,12.2,20191022200458
855,-42.667,171.941,2019,08,06,17,52,18,0.7474455431033517,12.3,20190806175218
856,-42.768,171.667,2019,07,03,19,37,03,0.5033224998323723,9.5,20190703193703
857,-42.868,171.634,2019,12,13,10,06,03,0.6877046899176186,10.6,20191213100603
858,-42.635,171.389,2019,07,08,21,30,06,0.6097712939536708,7.9,20190708213006
859,-42.652,171.88,2019,12,16,15,06,27,0.8070186009018647,11.9,20191216150627
860,-42.778,171.678,2020,01,03,16,16,19,0.6947145479624504,9.5,20200103161619
861,-42.913,171.833,2020,01,04,07,17,20,0.9201834894478228,3.0,20200104071720
862,-42.911,171.834,2019,07,27,00,57,00,0.7175140371259412,16.0,20190727005700
863,-42.723,171.702,2019,09,06,14,56,47,0.2175724554883442,11.9,20190906145647
864,-42.815,171.869,2019,05,07,11,44,13,1.3010568774930267,11.1,20190507114413
865,-42.68,171.88,2019,11,16,06,00,40,1.8404881581018384,8.1,20191116060040
866,-42.699,171.748,2020,02,06,12,35,34,1.235865760676451,5.4,20200206123534
867,-42.913,171.607,2020,02,19,14,30,43,1.5349298877559732,7.9,20200219143043
868,-42.646,171.881,2019,05,03,22,22,44,1.942434237750889,13.4,20190503222244
869,-42.78,171.463,2019,07,19,06,23,15,0.24357110793799117,7.1,20190719062315
870,-42.896,171.794,2019,05,07,21,49,12,0.9147250697294778,19.3,20190507214912
871,-42.781,171.693,2020,03,06,13,07,56,0.6253760853955468,7.7,20200306130756
872,-42.736,171.618,2019,11,26,16,28,58,0.6127578341242704,6.6,20191126162858
873,-42.873,171.634,2019,07,31,15,31,24,1.2710660041167845,7.9,20190731153124
874,-42.826,171.921,2019,08,06,09,12,05,0.7980126587680249,7.5,20190806091205
875,-42.768,171.671,2020,01,03,19,48,48,0.9718427728148187,9.1,20200103194848
876,-42.925,171.85,2020,02,14,17,50,02,0.8394043610890835,16.0,20200214175002
877,-42.874,171.623,2019,07,31,19,18,24,0.5115347069003583,8.4,20190731191824
878,-42.67,171.874,2019,05,07,20,23,13,0.556788839998435,12.8,20190507202313
879,-42.883,171.675,2020,01,17,23,45,45,1.058237795943859,10.9,20200117234545
880,-42.947,171.439,2019,08,23,09,05,42,0.5044803580717774,2.1,20190823090542
881,-42.807,171.667,2019,10,28,20,25,06,0.6404192240395216,8.9,20191028202506
882,-42.672,171.884,2020,01,08,06,06,12,0.870100691657708,10.6,20200108060612
883,-42.71,171.663,2019,06,09,04,14,51,0.998838645676861,8.4,20190609041451
884,-42.868,171.632,2020,01,22,16,03,04,0.21534967721867668,6.6,20200122160304
885,-42.843,171.644,2020,02,24,07,25,10,0.5057003528986455,8.8,20200224072510
886,-42.747,171.961,2019,12,02,21,00,38,1.803577285797813,11.2,20191202210038
887,-42.602,171.946,2019,08,02,00,04,36,1.3040854188912088,12.3,20190802000436
888,-42.691,171.787,2019,08,15,01,42,04,0.6391874291588417,11.0,20190815014204
889,-42.672,171.913,2019,12,17,19,09,19,0.6818124289779078,8.2,20191217190919
890,-42.679,171.873,2019,08,02,15,49,56,0.5964699235034001,12.3,20190802154956
891,-42.876,171.782,2019,06,03,02,28,47,1.203751260660234,9.9,20190603022847
892,-42.757,171.749,2019,09,14,19,25,42,0.23522572483569623,10.0,20190914192542
893,-42.76,171.484,2019,06,12,09,31,03,-0.06849739746395447,7.8,20190612093103
894,-42.882,171.777,2019,12,13,16,14,09,0.8438713637020903,9.1,20191213161409
895,-42.913,171.604,2020,02,29,20,50,56,0.7321116625467394,8.3,20200229205056
896,-42.741,171.561,2019,11,26,15,54,35,0.4319195280797183,9.9,20191126155435
897,-42.81,171.668,2019,09,21,09,29,45,0.43823412710264714,8.2,20190921092945
898,-42.74,171.723,2019,10,01,07,47,43,0.4944469241497385,10.1,20191001074743
899,-42.741,171.31,2019,05,17,17,44,16,1.3344191517687574,9.5,20190517174416
900,-42.798,171.629,2019,07,09,21,04,38,0.7828675730444503,8.8,20190709210438
901,-42.73,171.711,2019,09,06,11,36,21,0.29332794359326586,10.0,20190906113621
902,-42.807,171.859,2019,09,01,08,32,17,0.7226997442403059,10.0,20190901083217
903,-42.98,171.72,2019,11,03,03,47,21,0.8312323386768884,16.3,20191103034721
904,-42.898,171.833,2019,11,05,06,47,36,0.7581260581906241,17.0,20191105064736
905,-42.813,171.305,2019,06,10,23,33,58,1.4035387566002786,1.8,20190610233358
906,-42.968,171.858,2020,01,23,06,45,32,1.0713659841016985,17.7,20200123064532
907,-42.7,171.879,2019,06,29,22,25,13,1.3163218470551217,10.9,20190629222513
908,-42.865,171.624,2019,07,31,15,28,06,-0.09923662588787527,7.0,20190731152806
909,-42.837,171.433,2020,01,20,01,57,03,0.6286316236236832,2.6,20200120015703
910,-42.912,171.834,2019,08,12,18,54,25,0.9756303706077162,11.6,20190812185425
911,-42.964,171.446,2019,07,05,14,02,13,0.9417563747854654,10.9,20190705140213
912,-42.857,171.615,2019,09,18,12,11,53,1.551516632484367,7.4,20190918121153
913,-42.748,171.785,2019,06,21,02,40,25,0.7333445130431313,8.3,20190621024025
914,-42.683,171.338,2019,06,11,20,24,53,0.8279815297364116,3.2,20190611202453
915,-42.767,171.681,2019,06,25,05,50,46,0.035544811706256174,8.4,20190625055046
916,-42.686,171.901,2019,05,09,06,20,27,0.778761361135518,9.7,20190509062027
917,-42.676,171.876,2019,11,01,21,55,59,0.8611490766803391,10.2,20191101215559
918,-42.894,171.697,2019,08,31,07,29,45,0.6815442464962713,14.0,20190831072945
919,-42.702,171.79,2019,12,12,20,11,07,0.3687486285246739,6.4,20191212201107
920,-42.87,171.617,2019,05,06,20,30,25,1.3695869910936023,8.3,20190506203025
921,-42.76,171.807,2019,07,24,21,47,11,0.8979297707760748,10.8,20190724214711
922,-42.779,171.672,2019,10,15,20,30,23,0.8736440818940102,10.6,20191015203023
923,-42.794,171.631,2019,11,04,11,34,52,0.33367431647779777,8.8,20191104113452
924,-42.734,171.788,2019,09,15,18,31,44,0.15595687513854473,4.6,20190915183144
925,-42.665,171.952,2019,12,01,19,07,46,0.9598889305029199,11.3,20191201190746
926,-42.899,171.857,2019,09,21,11,18,51,0.7942871122507158,8.7,20190921111851
927,-42.687,171.368,2019,09,23,02,18,10,1.1989041831421685,15.5,20190923021810
928,-42.71,171.381,2019,09,24,09,25,58,1.0132253972992868,15.8,20190924092558
929,-42.752,171.793,2019,06,29,19,28,38,0.5107308161313986,8.5,20190629192838
930,-42.654,171.908,2019,11,21,15,02,35,0.7240718269189225,6.9,20191121150235
931,-42.884,171.793,2020,01,25,11,38,40,1.5179889757907612,12.2,20200125113840
932,-42.988,171.693,2019,11,17,16,32,40,1.225304035899736,15.9,20191117163240
933,-42.698,171.742,2019,06,14,04,51,14,0.2910139663045593,8.8,20190614045114
934,-42.755,171.812,2020,01,22,04,17,42,0.6809995912929037,8.3,20200122041742
935,-42.81,171.669,2019,09,21,09,29,45,0.6937856181973097,8.3,20190921092945
936,-42.69,171.879,2019,12,25,10,42,49,0.6537819947144407,10.4,20191225104249
937,-42.622,171.847,2019,07,10,05,11,47,0.887173212256523,11.3,20190710051147
938,-42.869,171.629,2019,08,07,13,36,03,0.7644924925654119,7.6,20190807133603
939,-42.879,171.75,2019,06,23,07,14,59,0.6770917215216381,9.5,20190623071459
940,-42.833,171.647,2019,10,30,04,51,45,0.6133875744189287,7.3,20191030045145
941,-42.777,171.684,2020,02,04,17,48,58,0.7380612946496664,9.0,20200204174858
942,-42.719,171.834,2019,06,07,17,35,05,0.3629577748161341,5.4,20190607173505
943,-42.922,171.917,2019,11,04,06,59,43,1.8528895072155156,13.3,20191104065943
944,-42.74,171.712,2020,01,04,12,23,04,0.3332068667279204,9.3,20200104122304
945,-42.903,171.429,2019,07,26,05,45,48,0.41449930905232585,7.7,20190726054548
946,-42.594,171.894,2019,06,15,01,42,31,0.10222390180362297,3.6,20190615014231
947,-42.926,171.563,2019,09,15,09,35,24,0.6994426593392173,10.3,20190915093524
948,-42.786,171.924,2020,01,19,06,50,44,0.6416560718242287,8.6,20200119065044
949,-42.753,171.984,2019,08,04,02,36,17,1.0343331520940895,9.1,20190804023617
950,-42.868,171.629,2020,02,02,19,48,33,0.8251299664994833,8.7,20200202194833
951,-42.738,171.776,2019,07,02,15,57,10,1.1727658074318628,6.7,20190702155710
952,-42.759,171.745,2019,07,01,09,45,45,0.5715434668664304,9.5,20190701094545
953,-42.711,171.763,2019,06,01,05,51,06,0.33791601576052316,10.3,20190601055106
954,-42.776,171.673,2019,05,03,07,26,57,0.2813457072882451,8.9,20190503072657
955,-42.785,171.646,2019,10,22,10,15,12,0.3095989937548513,7.0,20191022101512
956,-42.755,171.744,2019,11,17,06,24,49,0.9995153316193488,8.7,20191117062449
957,-42.805,171.609,2020,01,19,20,14,05,0.6990192809993042,9.3,20200119201405
958,-42.786,171.615,2019,10,13,04,47,36,0.24898020762441023,8.9,20191013044736
959,-42.854,171.409,2019,10,19,17,50,55,0.3516598681451162,8.1,20191019175055
960,-42.967,171.5,2019,08,24,12,06,01,0.45169950110878304,9.1,20190824120601
961,-42.75,171.725,2020,03,08,01,50,51,0.8272737548001049,12.7,20200308015051
962,-42.59,171.79,2019,12,31,20,04,20,0.18473913595503852,10.5,20191231200420
963,-42.747,171.727,2019,05,26,07,09,44,0.4046092017264288,9.9,20190526070944
964,-42.925,171.644,2019,12,06,06,54,24,0.8725827517670711,12.5,20191206065424
965,-42.748,171.79,2019,05,24,05,51,34,0.6576061128420627,11.9,20190524055134
966,-42.733,171.3,2019,05,13,19,25,13,0.7546916662126845,5.4,20190513192513
967,-42.893,171.604,2019,06,26,08,14,01,0.7153791915578915,8.8,20190626081401
968,-42.754,171.725,2020,01,28,03,29,21,0.9225990082166775,9.9,20200128032921
969,-42.734,171.673,2020,02,04,00,33,49,0.9769055823097929,11.9,20200204003349
970,-42.956,171.807,2019,11,21,07,15,17,1.3611266225768563,13.0,20191121071517
971,-42.508,171.601,2019,12,15,12,14,58,2.387025152021641,15.8,20191215121458
972,-42.769,171.475,2020,01,07,03,19,53,1.0295466471290473,10.5,20200107031953
973,-42.784,171.487,2019,07,09,12,42,48,-0.2501172568072093,4.3,20190709124248
974,-42.725,171.712,2019,06,14,09,21,03,0.10606409237203278,8.2,20190614092103
975,-42.762,171.703,2019,07,10,19,35,29,0.6729916531788983,10.8,20190710193529
976,-42.821,171.611,2020,02,18,05,28,51,1.4075974423356878,6.9,20200218052851
977,-42.745,171.775,2019,12,10,15,29,57,0.5930669080568532,12.8,20191210152957
978,-42.661,171.671,2020,01,22,08,41,57,0.2618636369896076,11.9,20200122084157
979,-42.726,171.759,2020,02,26,20,21,58,1.241227179273412,9.6,20200226202158
980,-42.776,171.669,2019,07,24,05,35,26,0.9159355767705882,9.7,20190724053526
981,-42.768,171.665,2020,02,09,02,18,06,2.7650279750814266,7.8,20200209021806
982,-42.67,171.74,2019,07,03,14,39,06,0.6923986943031643,12.5,20190703143906
983,-42.706,171.374,2019,09,24,14,58,01,0.63722731888492,15.8,20190924145801
984,-42.889,171.673,2019,12,24,01,54,26,0.6184616175612013,10.8,20191224015426
985,-42.778,171.724,2019,12,15,21,11,49,0.6995170619594266,12.0,20191215211149
986,-42.739,171.674,2019,12,30,11,42,44,0.07701426454371632,3.2,20191230114244
987,-42.755,171.669,2019,10,20,09,42,51,0.5858084067337964,9.8,20191020094251
988,-42.677,171.728,2020,03,04,16,28,51,1.2173957458599989,9.0,20200304162851
989,-42.87,171.64,2019,11,08,21,31,20,1.162939482733928,12.4,20191108213120
990,-42.903,171.602,2020,02,16,23,37,19,2.12720649457595,8.8,20200216233719
991,-42.767,171.552,2019,10,23,13,23,40,0.15808775695576133,0.8,20191023132340
992,-42.707,171.381,2019,09,24,11,05,37,1.2713433982997162,15.8,20190924110537
993,-42.935,171.857,2019,12,17,22,47,13,1.2188114572918742,23.1,20191217224713
994,-42.794,171.63,2019,12,18,16,16,49,0.32327826996215053,10.0,20191218161649
995,-42.663,171.879,2019,06,12,04,52,38,0.5558698328916482,14.7,20190612045238
996,-42.674,171.851,2019,06,30,00,04,25,0.2619763067005086,11.6,20190630000425
997,-42.76,171.943,2019,06,14,23,00,52,0.7754151040058676,13.2,20190614230052
998,-42.741,171.807,2019,07,08,00,02,03,0.13404476944120927,7.8,20190708000203
999,-42.62,171.85,2019,07,10,13,43,28,0.7217177379229,11.6,20190710134328
1000,-42.748,171.475,2019,06,08,03,32,46,1.2150048382211245,8.1,20190608033246
1001,-42.823,171.46,2019,07,12,19,57,02,0.5783133540340566,8.6,20190712195702
1002,-42.803,171.613,2019,06,01,16,16,00,0.3562101641976276,10.2,20190601161600
1003,-42.722,171.755,2019,07,20,10,52,51,0.5654610264741197,8.6,20190720105251
1004,-42.876,171.625,2019,07,31,15,26,57,0.9652863419114881,11.6,20190731152657
1005,-42.825,171.788,2020,01,17,12,24,21,0.35452981470210265,14.2,20200117122421
1006,-42.883,171.798,2019,05,27,12,08,02,1.281576761906304,12.5,20190527120802
1007,-42.794,171.61,2019,08,05,17,16,28,0.322308588177206,8.8,20190805171628
1008,-42.709,171.522,2020,01,26,04,30,59,0.077929793336785,4.7,20200126043059
1009,-42.811,171.663,2019,11,06,06,17,47,0.8934061072780891,8.1,20191106061747
1010,-42.815,171.675,2020,03,05,16,45,42,0.5575941628420684,7.8,20200305164542
1011,-42.685,171.881,2019,11,01,16,39,56,0.35179950358185325,10.4,20191101163956
1012,-42.762,171.774,2019,08,18,01,14,03,0.48640266114500336,7.3,20190818011403
1013,-42.831,171.815,2019,11,01,18,56,49,0.3698484538408028,14.6,20191101185649
1014,-42.759,171.764,2020,01,01,09,42,20,0.2112232216596254,7.8,20200101094220
1015,-42.75,171.662,2019,06,11,18,58,27,1.421496163192136,11.7,20190611185827
1016,-42.875,171.633,2019,07,31,20,05,28,1.094348487940368,8.8,20190731200528
1017,-42.851,171.598,2019,11,18,19,49,40,0.9303969210329353,12.2,20191118194940
1018,-42.952,171.616,2019,07,20,23,17,58,0.646780340206092,6.9,20190720231758
1019,-42.815,171.67,2019,10,25,08,15,38,0.7556035455998201,8.0,20191025081538
1020,-42.9,171.621,2020,02,27,00,03,10,1.4153986316217977,11.8,20200227000310
1021,-42.706,171.374,2019,09,24,09,18,44,4.183417767571012,15.7,20190924091844
1022,-42.68,171.877,2020,01,09,02,48,44,0.8532806913865358,10.0,20200109024844
1023,-42.697,171.698,2019,09,09,21,34,04,0.5393661994989233,9.0,20190909213404
1024,-42.696,171.662,2019,10,25,11,49,22,0.0790330594451949,11.4,20191025114922
1025,-42.904,171.711,2019,08,25,04,50,00,1.3645974540419228,10.2,20190825045000
1026,-42.708,171.72,2020,03,05,22,45,56,1.0529567573248857,13.6,20200305224556
1027,-42.811,171.658,2019,12,14,23,35,54,0.6975019233570674,7.7,20191214233554
1028,-42.731,171.739,2019,07,24,13,48,13,0.46119283266778727,8.3,20190724134813
1029,-42.746,171.714,2019,06,13,06,21,25,0.3651356750540077,10.8,20190613062125
1030,-42.762,171.751,2019,09,24,04,45,18,1.3947981559140081,8.5,20190924044518
1031,-42.864,171.619,2019,08,01,00,39,18,0.593224747230331,9.5,20190801003918
1032,-42.706,171.373,2019,09,24,11,24,25,1.2170154045978119,15.8,20190924112425
1033,-42.754,171.797,2019,08,07,14,51,05,0.5760730049433151,10.4,20190807145105
1034,-42.919,171.808,2019,10,23,09,27,14,0.9096084765872271,15.5,20191023092714
1035,-42.683,171.809,2020,01,08,18,12,16,0.1306354895182814,11.4,20200108181216
1036,-42.743,171.715,2020,03,01,19,50,56,1.440628739025104,9.4,20200301195056
1037,-42.921,171.832,2019,08,31,21,47,44,1.299629331901397,13.9,20190831214744
1038,-42.772,171.67,2020,01,16,09,05,26,1.610389305959799,7.9,20200116090526
1039,-42.725,171.706,2019,05,08,08,38,13,0.31825078342700186,10.7,20190508083813
1040,-42.743,171.741,2019,06,09,01,14,01,1.3844780342198502,6.0,20190609011401
1041,-42.783,171.683,2019,08,30,23,15,05,0.3078118788180326,5.2,20190830231505
1042,-42.658,171.974,2019,05,04,15,18,14,1.283721036612178,10.6,20190504151814
1043,-42.913,171.836,2019,08,10,14,14,48,0.9878594756492151,4.1,20190810141448
1044,-42.989,171.864,2020,01,26,07,01,45,2.368843603553502,10.1,20200126070145
1045,-42.92,171.789,2019,10,24,11,08,48,0.769269952686732,19.3,20191024110848
1046,-42.778,171.697,2020,03,03,13,03,35,0.7054157058614744,9.7,20200303130335
1047,-42.889,171.74,2019,05,20,19,44,59,1.137113966799103,10.3,20190520194459
1048,-42.887,171.95,2019,07,04,22,35,55,1.4446920347000094,14.4,20190704223555
1049,-42.902,171.695,2019,08,31,08,15,05,1.5240883258155573,10.3,20190831081505
1050,-42.618,171.839,2019,06,27,03,40,56,1.165162293097656,10.6,20190627034056
1051,-42.765,171.675,2020,01,17,17,43,17,0.41262670136275226,8.4,20200117174317
1052,-42.758,171.798,2019,07,07,02,55,31,0.4367957543906665,7.9,20190707025531
1053,-42.702,171.675,2019,05,11,21,08,02,0.33402704527978294,16.8,20190511210802
1054,-42.877,171.319,2019,07,08,12,37,10,0.6469764911304412,7.6,20190708123710
1055,-42.678,171.714,2019,07,21,21,39,46,0.8689728220435854,7.6,20190721213946
1056,-42.863,171.619,2019,08,01,09,25,00,0.8032112173897649,11.1,20190801092500
1057,-42.773,171.764,2019,08,11,22,05,15,0.5756591100825187,9.6,20190811220515
1058,-42.874,171.628,2019,09,20,12,40,35,0.7120790342017197,8.4,20190920124035
1059,-42.757,171.723,2020,01,11,09,03,34,0.6854299192036954,11.0,20200111090334
1060,-42.834,171.424,2019,12,18,05,55,58,1.804671201228991,11.3,20191218055558
1061,-42.751,171.238,2020,03,06,09,41,26,0.6450117319205955,13.9,20200306094126
1062,-42.722,171.745,2019,11,02,21,18,16,-0.10589220899766287,8.0,20191102211816
1063,-42.806,171.406,2019,05,06,01,07,18,0.3930704297567039,7.7,20190506010718
1064,-42.864,171.614,2019,07,31,15,20,24,4.001124588377606,10.0,20190731152024
1065,-42.758,171.479,2019,06,12,09,00,59,0.40161141174822645,7.1,20190612090059
1066,-42.703,171.824,2019,08,13,05,51,52,1.317417440075869,13.7,20190813055152
1067,-42.841,171.429,2019,12,26,20,27,03,0.8677268188756363,10.0,20191226202703
1068,-42.7,171.694,2019,07,03,15,45,55,0.3218076658026292,8.2,20190703154555
1069,-42.874,171.628,2019,08,12,14,44,45,0.6229012556175206,7.3,20190812144445
1070,-42.676,171.703,2019,10,21,04,22,14,0.6024366996114291,8.7,20191021042214
1071,-42.765,171.659,2019,10,29,21,02,31,0.30318838893183214,7.6,20191029210231
1072,-42.781,171.66,2019,11,25,13,11,06,0.6791181049349507,6.5,20191125131106
1073,-42.75,171.682,2019,07,09,06,44,11,0.3062560754178185,9.2,20190709064411
1074,-42.919,171.412,2019,07,06,18,41,52,0.43466991146707773,10.4,20190706184152
1075,-42.772,171.488,2019,06,18,07,46,59,0.6390854395926286,7.1,20190618074659
1076,-42.797,171.682,2019,12,24,15,16,22,0.8631541767621782,13.6,20191224151622
1077,-42.59,171.943,2019,07,21,02,04,33,1.3783972026934679,15.7,20190721020433
1078,-42.645,171.96,2019,11,27,03,27,48,2.2841678504052276,12.3,20191127032748
1079,-42.627,171.909,2019,06,06,06,30,49,0.9066402165604552,4.0,20190606063049
1080,-42.911,171.703,2020,02,23,02,35,15,0.8864443016241507,11.1,20200223023515
1081,-42.601,171.872,2019,07,19,09,49,56,0.5696924813702547,11.2,20190719094956
1082,-42.885,171.731,2019,07,26,19,52,43,0.7614511682252509,12.3,20190726195243
1083,-42.619,171.803,2019,09,06,10,51,42,1.0110552963908106,13.0,20190906105142
1084,-42.996,171.41,2020,01,30,18,14,29,1.0303108664321445,4.0,20200130181429
1085,-42.759,171.735,2019,06,22,07,53,59,0.4251715209171008,9.0,20190622075359
1086,-42.759,171.744,2019,07,05,12,07,17,1.5450763732024737,8.2,20190705120717
1087,-42.872,171.62,2020,03,02,06,44,02,2.766341925927689,7.6,20200302064402
1088,-42.808,171.667,2019,08,05,23,38,05,0.1141626147376798,8.0,20190805233805
1089,-42.887,171.744,2019,06,27,20,44,16,0.5513252632121397,11.0,20190627204416
1090,-42.704,171.971,2019,10,03,01,20,15,0.9211155193119103,11.8,20191003012015
1091,-42.801,171.836,2019,12,04,14,34,57,1.3868135159367387,17.3,20191204143457
1092,-42.701,171.372,2019,09,27,16,30,23,2.925665052159791,16.1,20190927163023
1093,-42.719,171.751,2020,02,22,17,14,24,0.9479863612748716,11.2,20200222171424
1094,-42.936,171.694,2019,05,05,06,53,24,1.1020088080376782,9.4,20190505065324
1095,-42.933,171.819,2019,05,07,06,39,55,0.8215525888289019,10.9,20190507063955
1096,-42.632,171.837,2019,05,22,20,57,39,0.487155481927327,10.0,20190522205739
1097,-42.666,171.933,2019,06,07,15,40,06,0.8023681025492254,12.8,20190607154006
1098,-42.7,171.705,2019,06,13,23,08,01,0.5479859670898664,9.1,20190613230801
1099,-42.765,171.824,2019,08,25,05,02,05,0.6758312662142834,7.6,20190825050205
1100,-42.808,171.661,2019,10,25,08,24,11,0.305914469235514,7.8,20191025082411
1101,-42.745,171.571,2019,11,26,17,09,15,0.2524529122911183,11.4,20191126170915
1102,-42.704,171.982,2019,08,17,00,28,16,1.3892399138039655,10.5,20190817002816
1103,-42.888,171.577,2019,10,22,13,50,07,0.6715660489469052,8.0,20191022135007
1104,-42.708,171.69,2019,06,09,19,03,27,0.6779783765449927,10.6,20190609190327
1105,-42.619,171.851,2019,08,05,18,51,52,0.5477433261144398,8.3,20190805185152
1106,-42.781,171.664,2019,08,11,03,18,14,0.3863145801690219,9.9,20190811031814
1107,-42.987,171.534,2020,02,11,16,31,01,0.627549695340867,8.5,20200211163101
1108,-42.678,171.849,2019,07,24,10,03,04,0.5129933854240825,11.0,20190724100304
1109,-42.738,171.716,2019,05,23,21,07,16,1.224856325078043,9.7,20190523210716
1110,-42.693,171.748,2020,02,01,04,39,52,0.3227495020798777,12.5,20200201043952
1111,-42.711,171.83,2019,06,14,00,03,53,0.4014319178699186,12.1,20190614000353
1112,-42.888,171.613,2020,01,24,19,19,28,0.4721577673423826,10.8,20200124191928
1113,-42.768,171.676,2019,11,03,11,25,46,0.6463523343544352,7.7,20191103112546
1114,-42.666,171.672,2019,05,23,09,46,25,0.27846598337579,6.7,20190523094625
1115,-42.966,171.512,2019,12,26,21,17,35,1.704978230149481,6.9,20191226211735
1116,-42.782,171.606,2020,01,25,02,05,12,0.4371371945494336,11.3,20200125020512
1117,-42.859,171.808,2020,03,03,02,09,34,1.1536083131289814,4.4,20200303020934
1118,-42.687,171.369,2019,09,23,05,11,14,1.6296583572265901,15.5,20190923051114
1119,-42.6,171.914,2019,06,13,16,20,51,0.6445040343641351,12.4,20190613162051
1120,-42.728,171.363,2019,11,19,06,23,25,1.863619563504681,15.4,20191119062325
1121,-42.699,171.746,2019,06,04,08,25,57,0.2649069232521497,12.2,20190604082557
1122,-42.767,171.75,2020,02,13,14,11,42,0.8669727144261191,8.1,20200213141142
1123,-42.957,171.883,2019,05,27,05,28,57,0.8848413749221334,17.6,20190527052857
1124,-42.702,171.849,2019,08,31,11,29,03,0.29139852417343515,12.0,20190831112903
1125,-42.754,171.481,2019,06,03,18,13,34,0.8459244368990184,7.4,20190603181334
